ID,URL,Is lighting product?
P-0,https://a4b6eb24-cef6-4be0-88b1-aa225dd7e4f7.usrfiles.com/ugd/a4b6eb_617bfed66731495e997bcacd789777ad.pdf,Yes
P-1,https://a4b6eb24-cef6-4be0-88b1-aa225dd7e4f7.usrfiles.com/ugd/a4b6eb_c53e05a13ae1462eabbdc1c66c1efbb8.pdf,Yes
P-2,https://myelektralite.com/assets/1018-AI-Outdoor-Data-Sheet-V2.pdf,Yes
P-3,https://myelektralite.com/assets/1018-Data-Sheet-V2.pdf,Yes
P-4,https://myelektralite.com/assets/1018AI-Data-Sheet-V2.pdf,Yes
P-5,https://myelektralite.com/assets/DataAir-Data-Sheet-V2.pdf,No
P-6,https://myelektralite.com/assets/DataFire-Data-Sheet-V2.pdf,No
P-7,https://myelektralite.com/assets/ElektraBar-Data-Sheet-V2.pdf,Yes
P-8,https://myelektralite.com/assets/ElektraBar-Mini-Data-Sheet-V2.pdf,Yes
P-9,https://myelektralite.com/assets/ElektraLite-elektraBar-mini-menus-V2.pdf,No
P-10,https://myelektralite.com/assets/Fresnel-Mini.pdf,Yes
P-11,https://myelektralite.com/assets/IP65-Stingray-Profile.pdf,Yes
P-12,https://en.everlight.com/wp-content/plugins/ItemRelationship/product_files/pdf/031-IRM-37XXT_Series_data.pdf,No
P-13,https://en.everlight.com/wp-content/plugins/ItemRelationship/product_files/pdf/1003SUBD-S400-A6.pdf,Yes
P-14,https://en.everlight.com/wp-content/plugins/ItemRelationship/product_files/pdf/1003SUGD-S400-A4.pdf,Yes
P-15,https://en.everlight.com/wp-content/plugins/ItemRelationship/product_files/pdf/1003SURD-S530-A3.pdf,Yes
P-16,https://en.everlight.com/wp-content/plugins/ItemRelationship/product_files/pdf/1003SYGD-S530-E2.pdf,Yes
P-17,https://en.everlight.com/wp-content/plugins/ItemRelationship/product_files/pdf/103UYD-S530-A3.pdf,Yes
P-18,https://en.everlight.com/wp-content/plugins/ItemRelationship/product_files/pdf/11-21-BHC-AQ2S2-2T.pdf,Yes
P-19,https://en.everlight.com/wp-content/plugins/ItemRelationship/product_files/pdf/11-21-G6C-AR2S2B-2T.pdf,Yes
P-20,https://en.everlight.com/wp-content/plugins/ItemRelationship/product_files/pdf/12-11-T3D-CP1Q2B12Y-2C.pdf,Yes
P-21,https://en.everlight.com/wp-content/plugins/ItemRelationship/product_files/pdf/12-215-BHC-YMNRY-3C.pdf,Yes
P-22,https://www.topbrasslighting.com/wp-content/uploads/C1207_Top_Brass_tear-sheet_Feb152019.pdf,Yes
P-23,https://www.topbrasslighting.com/wp-content/uploads/C1754-Top-Brass-drawing-Oct282022.pdf,Yes
P-24,https://www.topbrasslighting.com/wp-content/uploads/C1779-Top-Brass-drawing-Oct282022.pdf,Yes
P-25,https://www.topbrasslighting.com/wp-content/uploads/Top-Brass-215.02-tearsheet-Nov112018.pdf,Yes
P-26,https://www.topbrasslighting.com/wp-content/uploads/Top-Brass-C1235-tearsheet-Jan272017.pdf,Yes
P-27,https://www.topbrasslighting.com/wp-content/uploads/TopBrass-138.01-tearsheet-Jun12018.pdf,Yes
P-28,https://www.topbrasslighting.com/wp-content/uploads/TopBrass-138.07-tearsheet-Jun12018.pdf,Yes
P-29,https://www.topbrasslighting.com/wp-content/uploads/TopBrass-138.09-tearsheet-Jun12018.pdf,Yes
P-30,https://www.topbrasslighting.com/wp-content/uploads/TopBrass-144-tearsheet-Jun12018.pdf,Yes
P-31,https://www.topbrasslighting.com/wp-content/uploads/TopBrass-151-12.1-tearsheet-Jun12018.pdf,Yes
P-32,https://fredrickramondlightinglights.com/on/demandware.static/-/Sites-master-catalog-lny/default/dw0214cbaa/brand/frd/assets/specsheet/fr44817slf.pdf,Yes
P-33,https://fredrickramondlightinglights.com/on/demandware.static/-/Sites-master-catalog-lny/default/dw1d583599/brand/frd/assets/specsheet/fr35603bni.pdf,Yes
P-34,https://fredrickramondlightinglights.com/on/demandware.static/-/Sites-master-catalog-lny/default/dw2942a90a/brand/frd/assets/specsheet/fr31031blk.pdf,Yes
P-35,https://fredrickramondlightinglights.com/on/demandware.static/-/Sites-master-catalog-lny/default/dw2a3015a1/brand/frd/assets/specsheet/fr46400blk.pdf,Yes
P-36,https://fredrickramondlightinglights.com/on/demandware.static/-/Sites-master-catalog-lny/default/dw31f4ff2c/brand/frd/assets/specsheet/fr35804blk.pdf,Yes
P-37,https://fredrickramondlightinglights.com/on/demandware.static/-/Sites-master-catalog-lny/default/dw5197fc57/brand/frd/assets/specsheet/fr44411pog.pdf,Yes
P-38,https://fredrickramondlightinglights.com/on/demandware.static/-/Sites-master-catalog-lny/default/dw6f04fb9e/brand/frd/assets/specsheet/fr39215pni.pdf,Yes
P-39,https://fredrickramondlightinglights.com/on/demandware.static/-/Sites-master-catalog-lny/default/dw84c42f22/brand/frd/assets/specsheet/fr37231slf.pdf,Yes
P-40,https://fredrickramondlightinglights.com/on/demandware.static/-/Sites-master-catalog-lny/default/dw962e7277/brand/frd/assets/specsheet/fr45602bni.pdf,Yes
P-41,https://fredrickramondlightinglights.com/on/demandware.static/-/Sites-master-catalog-lny/default/dw99683f81/brand/frd/assets/specsheet/fr30909blk.pdf,Yes
P-42,https://lyntec.com/139-0488_RPC_Brochure.pdf,No
P-43,https://lyntec.com/139-0589-02_RPCR.pdf,No
P-44,https://lyntec.com/139-0591-01_Panasonic_Relay_Specs.pdf,No
P-45,https://lyntec.com/139-0622_RPCR_Tech.pdf,No
P-46,https://lyntec.com/139-0633_RPCR_A&E_Specs.pdf,No
P-47,https://lyntec.com/NARROW_SalesSheet.pdf,No
P-48,https://lyntec.com/wp-content/uploads/2017/03/LYN16-013-NPAC_3.2017.pdf,No
P-49,https://lyntec.com/wp-content/uploads/2018/12/LynTec-XPC-Brochure.pdf,No
P-50,https://lyntec.com/wp-content/uploads/2021/02/LCP_SalesSheet.pdf,No
P-51,https://www.lyntec.com/139-0245_MSLC326DesignGd.pdf,No
P-52,https://www.hatcocorp.com/cms/SPECSHEETS/000000003709541-00000-20090617.PDF,No
P-53,https://www.hatcocorp.com/cms/SPECSHEETS/000000004165141-00000-20090908.PDF,Yes
P-54,https://www.hatcocorp.com/cms/SPECSHEETS/000000004165381-00000-20090908.PDF,Yes
P-55,https://www.hatcocorp.com/cms/SPECSHEETS/000000004165561-00000-20090908.PDF,No
P-56,https://www.hatcocorp.com/cms/SPECSHEETS/000000004166101-00000-20090908.PDF,Yes
P-57,https://www.hatcocorp.com/cms/SPECSHEETS/000000004166341-00000-20090908.PDF,Yes
P-58,https://www.hatcocorp.com/cms/SPECSHEETS/000000004166621-00000-20090908.PDF,Yes
P-59,https://www.hatcocorp.com/cms/SPECSHEETS/000000004166721-00000-20090908.PDF,Yes
P-60,https://www.hatcocorp.com/cms/SPECSHEETS/000000004166801-00000-20090908.PDF,Yes
P-61,https://www.hatcocorp.com/cms/SPECSHEETS/000000004166861-00000-20090908.PDF,Yes
P-62,https://www.skyfactory.com/resources/files/TSF_TechSpecs_24PS_HLG.pdf,No
P-63,https://www.skyfactory.com/resources/files/TSF_TechSpecs_Aperture.pdf,Yes
P-64,https://www.skyfactory.com/resources/files/TSF_TechSpecs_Clssc_EP22.pdf,Yes
P-65,https://www.skyfactory.com/resources/files/TSF_TechSpecs_Clssc_EP24.pdf,Yes
P-66,https://www.skyfactory.com/resources/files/TSF_TechSpecs_Clssc_ES22.pdf,Yes
P-67,https://www.skyfactory.com/resources/files/TSF_TechSpecs_Clssc_ES24.pdf,Yes
P-68,https://www.skyfactory.com/resources/files/TSF_TechSpecs_Infinity.pdf,Yes
P-69,https://www.skyfactory.com/resources/files/TSF_TechSpecs_LSC360_EPCST.pdf,Yes
P-70,https://www.skyfactory.com/resources/files/TSF_TechSpecs_LSCEllptcl_EPCST.pdf,Yes
P-71,https://www.skyfactory.com/resources/files/TSF_TechSpecs_LVW.pdf,Yes
P-72,https://cdn2.toro.com/en/-/media/Files/Unique/product-flyers/20_0052_ULS.ashx,Yes
P-73,https://cdn2.toro.com/en/-/media/Files/Unique/product-flyers/60W_Flyer.ashx,No
P-74,https://cdn2.toro.com/en/-/media/Files/Unique/product-flyers/Illumi_Cup_Cutsheet_Final_compressed_RevB.ashx,Yes
P-75,https://cdn2.toro.com/en/-/media/Files/Unique/product-flyers/Iso.ashx,Yes
P-76,https://cdn2.toro.com/en/-/media/Files/Unique/product-flyers/Monet_Cutsheet_Final.ashx,Yes
P-77,https://cdn2.toro.com/en/-/media/Files/Unique/product-flyers/Noble_Final.ashx,Yes
P-78,https://cdn2.toro.com/en/-/media/Files/Unique/product-flyers/Nova_Flyer_Final.ashx,Yes
P-79,https://cdn2.toro.com/en/-/media/Files/Unique/product-flyers/Odyssey_Final.ashx,Yes
P-80,https://cdn2.toro.com/en/-/media/Files/Unique/product-flyers/Pro_Force_Final_RevB.ashx,No
P-81,https://cdn2.toro.com/en/-/media/Files/Unique/product-flyers/Rembrandt_Cutsheet_Final.ashx,Yes
P-82,https://www.b-td.com/s/530LoungeChair_TechSheet-56h3.pdf,No
P-83,https://www.b-td.com/s/FoldTableLamp_TechSheet-b92n.pdf,Yes
P-84,https://www.b-td.com/s/Formation-Stick-Pendant_TechSheet_2020-sam7.pdf,Yes
P-85,https://www.b-td.com/s/Formation-linear-Pendant_TechSheet_2020-pe5w.pdf,Yes
P-86,https://www.b-td.com/s/FormationWallSconce_TechSheet_2020-rapx.pdf,Yes
P-87,https://www.b-td.com/s/Formation_Double_Sconce_TechSheet_2020-jn59.pdf,Yes
P-88,https://www.b-td.com/s/GridworkShelf_Cabinet.pdf,No
P-89,https://www.b-td.com/s/INOSCoffeeTable_TechSheet-lnpn.pdf,No
P-90,https://www.b-td.com/s/INOS_SideTable_TechSheet-pws8.pdf,No
P-91,https://www.b-td.com/s/PerfDoubleSconce_TechSheet-pcmc.pdf,Yes
P-92,https://majesticmirror.com/products/1001-sb/?print-products=pdf,No
P-93,https://majesticmirror.com/products/1205-b/?print-products=pdf,No
P-94,https://majesticmirror.com/products/1206-b/?print-products=pdf,No
P-95,https://majesticmirror.com/products/1209-b/?print-products=pdf,No
P-96,https://majesticmirror.com/products/1233-p/?print-products=pdf,No
P-97,https://majesticmirror.com/products/1241-b/?print-products=pdf,No
P-98,https://majesticmirror.com/products/1252-p/?print-products=pdf,No
P-99,https://majesticmirror.com/products/1282-b/?print-products=pdf,No
P-100,https://majesticmirror.com/products/1324-b/?print-products=pdf,No
P-101,https://majesticmirror.com/products/1328-b/?print-products=pdf,No
P-102,https://www.pennglobe.com/_files/ugd/0811f9_3fd3a109daab46b49f55ef61190650e5.pdf,Yes
P-103,https://www.pennglobe.com/_files/ugd/0811f9_5afc45daa8af4484a1e65f2cf7bdaa3e.pdf,Yes
P-104,https://www.houseofantiquehardware.com/ProductPDFs/byitem/currey/rs-03cu-5000-0051_spec.pdf,No
P-105,https://www.houseofantiquehardware.com/ProductPDFs/byitem/currey/rs-03cu-5000-0064_spec.pdf,Yes
P-106,https://www.houseofantiquehardware.com/ProductPDFs/byitem/currey/rs-03cu-5000-0089_spec.pdf,Yes
P-107,https://www.houseofantiquehardware.com/ProductPDFs/byitem/currey/rs-03cu-5021_spec.pdf,Yes
P-108,https://www.houseofantiquehardware.com/ProductPDFs/byitem/currey/rs-03cu-5028_spec.pdf,Yes
P-109,https://www.houseofantiquehardware.com/ProductPDFs/byitem/currey/rs-03cu-5030_spec.pdf,Yes
P-110,https://www.houseofantiquehardware.com/ProductPDFs/byitem/currey/rs-03cu-5091_spec.pdf,No
P-111,https://www.houseofantiquehardware.com/ProductPDFs/byitem/currey/rs-03cu-5119_spec.pdf,No
P-112,https://www.houseofantiquehardware.com/ProductPDFs/byitem/currey/rs-03cu-5140_spec.pdf,Yes
P-113,https://www.houseofantiquehardware.com/ProductPDFs/byitem/currey/rs-03cu-5150_spec.pdf,Yes
P-114,http://primolanterns.com/img/Drawings/AT-22.pdf,No
P-115,http://primolanterns.com/img/Drawings/AT-27.pdf,Yes
P-116,http://primolanterns.com/img/Drawings/AT-32.pdf,Yes
P-117,http://primolanterns.com/img/Drawings/BP-24.pdf,Yes
P-118,http://primolanterns.com/img/Drawings/BP-30.pdf,Yes
P-119,http://primolanterns.com/img/Drawings/BP-36.pdf,Yes
P-120,http://primolanterns.com/img/Drawings/OC-16E.pdf,No
P-121,http://primolanterns.com/img/Drawings/ad-24.pdf,No
P-122,http://primolanterns.com/img/Drawings/bb-19.pdf,No
P-123,http://primolanterns.com/img/Drawings/bb-22.pdf,No
P-124,https://www.sstlighting.com/CatalogPages/DriverDimmer.pdf,No
P-125,https://www.sstlighting.com/CatalogPages/PD25-Spread.pdf,Yes
P-126,https://www.sstlighting.com/CatalogPages/SR25-Fiber.pdf,Yes
P-127,https://www.sstlighting.com/CatalogPages/SR50-PD-Spread.pdf,Yes
P-128,https://www.sstlighting.com/CatalogPages/SR50-RC-Undercabinet-Spread.pdf,Yes
P-129,https://www.sstlighting.com/CatalogPages/SR50-WS-IN-Wall-Spread.pdf,Yes
P-130,https://www.sstlighting.com/CatalogPages/SR50-WS-Spread.pdf,Yes
P-131,https://www.sstlighting.com/CatalogPages/SR50EB-Ceiling-Spread.pdf,Yes
P-132,https://www.sstlighting.com/CatalogPages/SR50RC-Ceiling-Spread.pdf,Yes
P-133,https://www.sstlighting.com/CatalogPages/ST30%20Retrofit%20Kit.pdf,Yes
P-134,https://cdn.amplifi.pattern.com/0047ba40-1706-4169-b63c-594632c27fe5,No
P-135,https://cdn.amplifi.pattern.com/01479394-1c7d-47c6-999d-80436b4ceff0,No
P-136,https://cdn.amplifi.pattern.com/016c472c-887a-4282-9ee6-2b078d431c73,No
P-137,https://cdn.amplifi.pattern.com/01f5afdb-7013-45b0-9a07-cb684387aca5,No
P-138,https://cdn.amplifi.pattern.com/0202463f-503f-47c1-803b-1e3d1dd718a9,No
P-139,https://cdn.amplifi.pattern.com/0268b845-51d1-4ece-b108-dd58ee183138,No
P-140,https://cdn.amplifi.pattern.com/02dcf517-087c-414b-8517-ed74d84246d5,No
P-141,https://cdn.amplifi.pattern.com/02fc8cac-517f-4fe5-a381-a7951f754706,No
P-142,https://cdn.amplifi.pattern.com/0327dff5-beb6-44f1-ac8e-ad31887feedf,No
P-143,https://cdn.amplifi.pattern.com/04189028-3753-4411-8290-b2fd0dac8c76,No
P-144,https://thumprints.com/products/1002_dash_c05_dash_tl01/bronze-beauty-1002_dash_c05_dash_tl01/tearsheet/download,No
P-145,https://thumprints.com/products/1012_dash_c05_dash_tl01/cache-1012_dash_c05_dash_tl01/tearsheet/download,No
P-146,https://thumprints.com/products/1026_dash_c05_dash_ws01/vivi-1026_dash_c05_dash_ws01/tearsheet/download,No
P-147,https://thumprints.com/products/1035_dash_c06_dash_tl01/marilyn-1035_dash_c06_dash_tl01/tearsheet/download,No
P-148,https://thumprints.com/products/1068_dash_c07_dash_pl01/galaxy-1068_dash_c07_dash_pl01/tearsheet/download,No
P-149,https://thumprints.com/products/1069_dash_c07_dash_pl01/galaxy-1069_dash_c07_dash_pl01/tearsheet/download,No
P-150,https://thumprints.com/products/1089_dash_asl_dash_2053/moondust-1089_dash_asl_dash_2053/tearsheet/download,No
P-151,https://thumprints.com/products/1091_dash_asl_dash_2107/obsidian-1091_dash_asl_dash_2107/tearsheet/download,No
P-152,https://thumprints.com/products/1092_dash_asl_dash_2168/citrine-1092_dash_asl_dash_2168/tearsheet/download,No
P-153,https://thumprints.com/products/1093_dash_asl_dash_2057/tigers-eye-1093_dash_asl_dash_2057/tearsheet/download,No
P-154,https://scatchardstoneware.com/products/gs100_dash_ot/gs100_dash_ot-table-lamp/tearsheet/download,No
P-155,https://scatchardstoneware.com/products/gs101_dash_bm/gs101_dash_bm-table-lamp/tearsheet/download,No
P-156,https://scatchardstoneware.com/products/gs120_dash_gg/gs120_dash_gg-table-lamp/tearsheet/download,No
P-157,https://scatchardstoneware.com/products/gs130_dash_cg/gs130_dash_cg-table-lamp/tearsheet/download,No
P-158,https://scatchardstoneware.com/products/gs140_dash_ot/gs140_dash_ot-table-lamp/tearsheet/download,No
P-159,https://scatchardstoneware.com/products/gs150_dash_gm/gs150_dash_gm-table-lamp/tearsheet/download,No
P-160,https://scatchardstoneware.com/products/gs160_dash_cg/gs160_dash_cg-table-lamp/tearsheet/download,No
P-161,https://scatchardstoneware.com/products/gs180_dash_bm/gs180_dash_bm-table-lamp/tearsheet/download,No
P-162,https://scatchardstoneware.com/products/gs190_dash_dr/gs190_dash_dr-table-lamp/tearsheet/download,No
P-163,https://scatchardstoneware.com/products/gs200_dash_bg/gs200_dash_bg-table-lamp/tearsheet/download,No
P-164,https://framburg.com/products/1001/maisonette-1001/tearsheet/download,No
P-165,https://framburg.com/products/1002/maisonette-1002/tearsheet/download,No
P-166,https://framburg.com/products/1003/maisonette-1003/tearsheet/download,No
P-167,https://framburg.com/products/1004/maisonette-1004/tearsheet/download,No
P-168,https://framburg.com/products/1005/maisonette-1005/tearsheet/download,No
P-169,https://framburg.com/products/1006/maisonette-1006/tearsheet/download,Yes
P-170,https://framburg.com/products/1007/maisonette-1007/tearsheet/download,Yes
P-171,https://framburg.com/products/1009/maisonette-1009/tearsheet/download,Yes
P-172,https://framburg.com/products/1010/hannover-1010/tearsheet/download,Yes
P-173,https://framburg.com/products/1013/hannover-1013/tearsheet/download,Yes
P-174,https://griplocksystems.com/wp-content/uploads/2015/07/Technical-Drawing-10-FORK-4.3x8.pdf,No
P-175,https://griplocksystems.com/wp-content/uploads/2016/05/12-BS-1420.pdf,No
P-176,https://griplocksystems.com/wp-content/uploads/2016/05/Technical-Drawing-10-HA.pdf,No
P-177,https://griplocksystems.com/wp-content/uploads/2016/05/Technical-Drawing-10-M6-AT.pdf,No
P-178,https://griplocksystems.com/wp-content/uploads/2016/05/Technical-Drawing-10-M6-KFT-T2.pdf,No
P-179,https://griplocksystems.com/wp-content/uploads/2016/05/Technical-Drawing-10Z-832i.pdf,No
P-180,https://griplocksystems.com/wp-content/uploads/2016/05/Technical-Drawing-10Z-M4i1.pdf,No
P-181,https://griplocksystems.com/wp-content/uploads/2016/05/Technical-Drawing-12-FORK-5x10.pdf,No
P-182,https://griplocksystems.com/wp-content/uploads/2016/05/Technical-Drawing-12-K12.pdf,No
P-183,https://griplocksystems.com/wp-content/uploads/2016/05/Technical-Drawing-12-M4e.pdf,No
P-184,https://www.nordiclights.com/products/flush-mount/kl13xx-series/kl1302-f7/?pdf=2349,Yes
P-185,https://www.nordiclights.com/products/flush-mount/kl13xx-series/kl1304-f0/?pdf=2362,Yes
P-186,https://www.nordiclights.com/products/flush-mount/kl13xx-series/kl1305-f7-snap-in/?pdf=2369,Yes
P-187,https://www.nordiclights.com/products/flush-mount/n100-flm-series/n100-f0/?pdf=5305,Yes
P-188,https://www.nordiclights.com/products/flush-mount/n100-flm-series/n100-f27/?pdf=5424,Yes
P-189,https://www.nordiclights.com/products/flush-mount/n100-flm-series/n100-f5/?pdf=5364,Yes
P-190,https://www.nordiclights.com/products/flush-mount/n100-flm-series/n100-fb5/?pdf=5394,Yes
P-191,https://www.nordiclights.com/products/flush-mount/n25-flm-series/n25-f0/?pdf=5472,Yes
P-192,https://www.nordiclights.com/products/flush-mount/n25-flm-series/n25-fb12-snap-in/?pdf=5454,Yes
P-193,https://www.nordiclights.com/products/frontlights/bumblebee/bumblebee/?pdf=18656,Yes
P-194,http://www.pendantsystems.com/wp-content/uploads/2016/05/104.pdf,No
P-195,http://www.pendantsystems.com/wp-content/uploads/2016/05/110.pdf,No
P-196,http://www.pendantsystems.com/wp-content/uploads/2016/05/112.pdf,No
P-197,http://www.pendantsystems.com/wp-content/uploads/2016/05/124.pdf,No
P-198,http://www.pendantsystems.com/wp-content/uploads/2016/05/13052-FL.pdf,No
P-199,http://www.pendantsystems.com/wp-content/uploads/2016/05/131.pdf,No
P-200,http://www.pendantsystems.com/wp-content/uploads/2016/05/133.pdf,No
P-201,http://www.pendantsystems.com/wp-content/uploads/2016/05/141.pdf,No
P-202,http://www.pendantsystems.com/wp-content/uploads/2016/05/151.pdf,No
P-203,http://www.pendantsystems.com/wp-content/uploads/2016/05/169.pdf,No
P-204,https://www.oldcalifornia.com/files/1002-3-- Small OCL.PDF,Yes
P-205,https://www.oldcalifornia.com/files/1002-4-- Small OCL.PDF,Yes
P-206,https://www.oldcalifornia.com/files/1002-8-- Small OCL.PDF,Yes
P-207,https://www.oldcalifornia.com/files/1003-5- Medium OCL.PDF,Yes
P-208,https://www.oldcalifornia.com/files/1003-6- Medium OCL.pdf,Yes
P-209,https://www.oldcalifornia.com/files/1004-3-CC-- Large OCL.pdf,Yes
P-210,https://www.oldcalifornia.com/files/1004-4-CC-- Large OCL.PDF,Yes
P-211,https://www.oldcalifornia.com/files/1004-6-CC-- Large OCL.pdf,Yes
P-212,https://www.oldcalifornia.com/files/1004-8-CC-- Large OCL.pdf,Yes
P-213,https://www.oldcalifornia.com/files/1012-1-- Small OCL.PDF,Yes
P-214,https://cdn.tomdixon.net/media/supporting_files/assembly_and_care/IMs_Silhouettes_Linear_UL.pdf,Yes
P-215,https://cdn.tomdixon.net/media/supporting_files/assembly_and_care/Melt_LED_Pendant_Assembly_and_Care_EU.pdf,Yes
P-216,https://cdn.tomdixon.net/media/supporting_files/assembly_and_care/Round_Ceiling_Canopy_EU_part_1_-_Updated.pdf,Yes
P-217,https://cdn.tomdixon.net/media/supporting_files/assembly_and_care/Round_Ceiling_Canopy_US.PDF,Yes
P-218,https://cdn.tomdixon.net/media/supporting_files/assembly_and_care/TD-LT-IM-STP03WUL-Stone_Pendant_UL_T24-Rev0.pdf,Yes
P-219,https://cdn.tomdixon.net/media/supporting_files/assembly_and_care/TD-LT-INS-BLF01xEU-Rev0.pdf,Yes
P-220,https://cdn.tomdixon.net/media/supporting_files/assembly_and_care/TD-LT-INS-BLT01xEU-Rev0.pdf,Yes
P-221,https://cdn.tomdixon.net/media/supporting_files/assembly_and_care/TD-LT-INS-Spring_EU.pdf,Yes
P-222,https://cdn.tomdixon.net/media/supporting_files/imported/Beat_Table_Light_Black_Technical_Specification.pdf,Yes
P-223,https://cdn.tomdixon.net/media/supporting_files/imported/Beat_Table__Floor_Lights_Press_Release.pdf,Yes
P-224,http://dl.ledtronics.com/pdf/B320-6-48V-DC.pdf,No
P-225,http://dl.ledtronics.com/pdf/DEC00147-CUST.pdf,No
P-226,http://info.ledtronics.com/ds/Log-251-275/255_LED25T10-Dimmable-Tubular-Artlamps/LED25T10-120AMD.pdf,Yes
P-227,http://info.ledtronics.com/ds/Log-251-275/272_Turtle-Friendly-Shoebox/SLL003P-800-0UO-004.pdf,Yes
P-228,http://info.ledtronics.com/ds/Log-351-375/356_PAR36-TPW-0xxN-001/PAR36-TPW-0xxN-001.pdf,Yes
P-229,http://info.ledtronics.com/ds/Log-376-400/381_DEC-S11-120A/DEC-S11-120A.pdf,Yes
P-230,http://info.ledtronics.com/ds/Log-426-450/437_SFB_Miniature-Bulbs/SFB_Miniature-Bulbs.pdf,Yes
P-231,http://info.ledtronics.com/ds/Log-426-450/446_SFB_Panel-Mount-Indicators/Panel Mount Indicators.pdf,Yes
P-232,http://info.ledtronics.com/ds/Log-426-450/446_SFB_Panel-Mount-Indicators/SFB_Panel-Mount-Indicators.pdf,Yes
P-233,http://info.ledtronics.com/ds/Log-426-450/449_EXLT6-001/T6-Exit-Sign-Bulbs.pdf,Yes
P-234,http://southlandlighting.net/pdf/exterior/SL-11100-BRZ%20.pdf,Yes
P-235,http://southlandlighting.net/pdf/exterior/SL-20334-SAT.pdf,Yes
P-236,http://southlandlighting.net/pdf/exterior/SL-20356-SAT%20.pdf,Yes
P-237,http://southlandlighting.net/pdf/exterior/SL-20593L-W.pdf,Yes
P-238,http://southlandlighting.net/pdf/exterior/SL-20593W-LED.pdf,Yes
P-239,http://southlandlighting.net/pdf/exterior/SL-20593W.pdf,Yes
P-240,http://southlandlighting.net/pdf/exterior/SL-FL-30LED-30K%20.pdf,Yes
P-241,http://southlandlighting.net/pdf/exterior/SL-OW0307D-LED.pdf,Yes
P-242,http://southlandlighting.net/pdf/exterior/SL-OW0314UD-LED%20.pdf,Yes
P-243,http://southlandlighting.net/pdf/exterior/SL-OW218DR-SIL.pdf,Yes
P-244,https://dl.pharoscontrols.com/documentation/datasheets_specifications/designer/Pharos_Designer_BPS_Datasheet.pdf,Yes
P-245,https://dl.pharoscontrols.com/documentation/datasheets_specifications/designer/Pharos_Designer_EDN_Datasheet.pdf,No
P-246,https://dl.pharoscontrols.com/documentation/datasheets_specifications/designer/Pharos_Designer_EXT_Datasheet.pdf,No
P-247,https://dl.pharoscontrols.com/documentation/datasheets_specifications/designer/Pharos_Designer_LPC_Datasheet.pdf,No
P-248,https://dl.pharoscontrols.com/documentation/datasheets_specifications/designer/Pharos_Designer_LPC_X_Datasheet.pdf,No
P-249,https://dl.pharoscontrols.com/documentation/datasheets_specifications/designer/Pharos_Designer_PoE_Datasheet.pdf,No
P-250,https://dl.pharoscontrols.com/documentation/datasheets_specifications/designer/Pharos_Designer_RDM_Datasheet.pdf,No
P-251,https://dl.pharoscontrols.com/documentation/datasheets_specifications/designer/Pharos_Designer_RIO_A_Datasheet.pdf,No
P-252,https://dl.pharoscontrols.com/documentation/datasheets_specifications/designer/Pharos_Designer_RIO_D_Datasheet.pdf,No
P-253,https://dl.pharoscontrols.com/documentation/datasheets_specifications/designer/Pharos_Designer_RIO_Datasheet.pdf,No
P-254,http://eurilighting.com/wp-content/uploads/2019/03/EA19-5000cec-2.pdf,Yes
P-255,http://eurilighting.com/wp-content/uploads/2019/03/EA19-5001cec-2.pdf,Yes
P-256,http://eurilighting.com/wp-content/uploads/2019/03/EA19-5002cec-2.pdf,Yes
P-257,http://eurilighting.com/wp-content/uploads/2019/03/EA21-1000et.pdf,Yes
P-258,http://eurilighting.com/wp-content/uploads/2019/03/EA21-1020et.pdf,Yes
P-259,http://eurilighting.com/wp-content/uploads/2019/03/EA21-1050et.pdf,Yes
P-260,http://eurilighting.com/wp-content/uploads/2019/03/EA21-2001e.pdf,Yes
P-261,http://eurilighting.com/wp-content/uploads/2019/03/EA21-2021e.pdf,Yes
P-262,http://eurilighting.com/wp-content/uploads/2019/03/EA21-2100-2.pdf,Yes
P-263,http://eurilighting.com/wp-content/uploads/2019/03/EA21-2150-2.pdf,Yes
P-264,https://www.bethelin.com/siteuploads/prodimg/1357bethel-international-spec-sht-be13.pdf,Yes
P-265,https://www.bethelin.com/siteuploads/prodimg/1828lx12.pdf,Yes
P-266,https://www.bethelin.com/siteuploads/prodimg/2086lx12-7.pdf,Yes
P-267,https://www.bethelin.com/siteuploads/prodimg/2088cut-sheet---lx12-9.pdf,Yes
P-268,https://www.bethelin.com/siteuploads/prodimg/2143du03.pdf,Yes
P-269,https://www.bethelin.com/siteuploads/prodimg/2144bethel-international-spec-sht-du02.pdf,Yes
P-270,https://www.bethelin.com/siteuploads/prodimg/2145bethel-international-spec-sht-du01.pdf,Yes
P-271,https://www.bethelin.com/siteuploads/prodimg/2453ga74.pdf,Yes
P-272,https://www.bethelin.com/siteuploads/prodimg/2678jd03.pdf,Yes
P-273,https://www.bethelin.com/siteuploads/prodimg/3032du03-3.pdf,Yes
P-274,https://stickbulb.com/media/blfa_files/00_SpecSheet_Ray_All_1.pdf,No
P-275,https://stickbulb.com/media/blfa_files/00_SpecSheet_Ray_All_2.pdf,No
P-276,https://stickbulb.com/media/blfa_files/01_SpecSheet_Bough_Little.pdf,No
P-277,https://stickbulb.com/media/blfa_files/01_SpecSheet_Chime_Little_2ft.pdf,No
P-278,https://stickbulb.com/media/blfa_files/01_SpecSheet_Diamond_Little.pdf,No
P-279,https://stickbulb.com/media/blfa_files/01_SpecSheet_Pendant_4ft.pdf,No
P-280,https://stickbulb.com/media/blfa_files/01_SpecSheet_Skybang_Little.pdf,No
P-281,https://stickbulb.com/media/blfa_files/01_SpecSheet_Torch_2ft.pdf,No
P-282,https://stickbulb.com/media/blfa_files/01_SpecSheet_Truss_2x.pdf,No
P-283,https://stickbulb.com/media/blfa_files/01_SpecSheet_XTable.pdf,No
P-284,https://cdn.shopify.com/s/files/1/2081/7781/files/Alyx_Sconce_SpecSheet_May2023.pdf?v=1683919377,Yes
P-285,https://cdn.shopify.com/s/files/1/2081/7781/files/CY-01_Sconce_SpecSheet_May2023.pdf?v=1683916912,Yes
P-286,https://cdn.shopify.com/s/files/1/2081/7781/files/CY-02_Sconce_SpecSheet_May2023.pdf?v=1683917214,Yes
P-287,https://cdn.shopify.com/s/files/1/2081/7781/files/Ciel_01_Sconce_SpecSheet_May2023.pdf?v=1683845269,Yes
P-288,https://cdn.shopify.com/s/files/1/2081/7781/files/Ciel_02_Sconce_SpecSheet_May2023.pdf?v=1683916344,Yes
P-289,https://cdn.shopify.com/s/files/1/2081/7781/files/Collo_Sconce_Tear_Sheet_Dec2022-2.pdf?v=1671566679,Yes
P-290,https://cdn.shopify.com/s/files/1/2081/7781/files/Collo_Sconce_Wired_TearSheet_Feb2023.pdf?v=1675380757,Yes
P-291,https://cdn.shopify.com/s/files/1/2081/7781/files/Gallery_Sconce_Tear_Sheet_-_Jan_2023.pdf?v=1673904167,Yes
P-292,https://cdn.shopify.com/s/files/1/2081/7781/files/Lahm04__Tear_Sheet_Jan2023.pdf?v=1675194901,Yes
P-293,https://cdn.shopify.com/s/files/1/2081/7781/files/Lahm06_CE_Tear_Sheet_Jan2023.pdf?v=1674086165,Yes
P-294,https://www.timeandstyle.com/wp-content/uploads/2023/03/Botan-no-Hana_E_EUR_EX_1.pdf,No
P-295,https://www.timeandstyle.com/wp-content/uploads/2023/03/Kiku-no-Hana_E_EUR_EX_1.pdf,No
P-296,https://www.oandgstudio.com/s/ANCORA-SCONCE-TEAR-SHEET-a6z9.pdf,Yes
P-297,https://www.oandgstudio.com/s/OG-Amboy-Accent-Lamp-8hw8.pdf,Yes
P-298,https://www.oandgstudio.com/s/OG-Amboy-Bedside-Lamp-726t.pdf,Yes
P-299,https://www.oandgstudio.com/s/OG-Amboy-Desk-Lamp-dahz.pdf,Yes
P-300,https://www.oandgstudio.com/s/OG-Amboy-Pendant-Large.pdf,Yes
P-301,https://www.oandgstudio.com/s/OG-Amboy-Pendant-Small.pdf,Yes
P-302,https://www.oandgstudio.com/s/OG-Amboy-Sconce-bztj.pdf,Yes
P-303,https://www.oandgstudio.com/s/OG-Amboy-Sofa-Lamp-sl6x.pdf,Yes
P-304,https://www.oandgstudio.com/s/OG-Meridian-Sconce-4522-ROUND-TEAR-SPEC.pdf,Yes
P-305,https://www.oandgstudio.com/s/OG-Meridian-Sconce-4522-SQUARE-TEAR-SPEC.pdf,Yes
P-306,https://www.mullanlighting.com/us/mst_attachment/attachment/click/attachment_id/1/,Yes
P-307,https://www.mullanlighting.com/us/mst_attachment/attachment/click/attachment_id/10/,Yes
P-308,https://www.mullanlighting.com/us/mst_attachment/attachment/click/attachment_id/100/,Yes
P-309,https://www.mullanlighting.com/us/mst_attachment/attachment/click/attachment_id/102/,Yes
P-310,https://www.mullanlighting.com/us/mst_attachment/attachment/click/attachment_id/103/,Yes
P-311,https://www.mullanlighting.com/us/mst_attachment/attachment/click/attachment_id/104/,Yes
P-312,https://www.mullanlighting.com/us/mst_attachment/attachment/click/attachment_id/105/,Yes
P-313,https://www.mullanlighting.com/us/mst_attachment/attachment/click/attachment_id/108/,No
P-314,https://www.mullanlighting.com/us/mst_attachment/attachment/click/attachment_id/109/,No
P-315,https://www.mullanlighting.com/us/mst_attachment/attachment/click/attachment_id/11/,No
P-316,https://cdn.shopify.com/s/files/1/0255/6785/files/CDH_technical_sheet_Alavus_c1c6818d-d87d-40e9-ab48-1a54071093bc.pdf?v=1638956077,Yes
P-317,https://cdn.shopify.com/s/files/1/0255/6785/files/CDH_technical_sheet_Aura_3a35d0d1-ac0e-4338-88e0-5f3b17a785a7.pdf?v=1646233955,Yes
P-318,https://cdn.shopify.com/s/files/1/0255/6785/files/CDH_technical_sheet_Aura_4fee7c8d-d81a-4399-923d-7b2bf51ff441.pdf?v=1678458359,Yes
P-319,https://cdn.shopify.com/s/files/1/0255/6785/files/CDH_technical_sheet_Capsule_cd0ec854-7ad4-4334-bc6b-f3fd8c704906.pdf?v=1646233955,Yes
P-320,https://cdn.shopify.com/s/files/1/0255/6785/files/CDH_technical_sheet_Haara_69f08fe5-c665-40be-b6f5-a7125179b29c.pdf?v=1680185223,Yes
P-321,https://cdn.shopify.com/s/files/1/0255/6785/files/CDH_technical_sheet_Haara_Metsa_a48ec2b6-f3e8-437d-b43d-3ac35ba6d10f.pdf?v=1678458193,Yes
P-322,https://cdn.shopify.com/s/files/1/0255/6785/files/CDH_technical_sheet_Halti_1bececc6-14d2-4827-a195-cae18d766fc0.pdf?v=1678461078,Yes
P-323,https://cdn.shopify.com/s/files/1/0255/6785/files/CDH_technical_sheet_Helmi_52cf17b0-3b48-49ee-9fd4-6c93bdee45c0.pdf?v=1678458144,Yes
P-324,https://cdn.shopify.com/s/files/1/0255/6785/files/CDH_technical_sheet_Imatra_164bbbf2-42b0-4029-9d5f-cf880f882914.pdf?v=1646233955,Yes
P-325,https://cdn.shopify.com/s/files/1/0255/6785/files/CDH_technical_sheet_Inari_b50e50ee-2c5e-45a0-bba5-00eb74724c12.pdf?v=1646233955,Yes
P-326,https://store-43185.mybigcommerce.com/content/CB-RGBW-IP20-Data-Sheet.pdf,Yes
P-327,https://store-43185.mybigcommerce.com/content/Leona-Door-Sensor-Spec-Sheet.pdf,No
P-328,https://www.flexfireleds.com/content/12V-DPS-2-spec-sheet.pdf,No
P-329,https://www.flexfireleds.com/content/12V-DPS-4-spec-sheet.pdf,No
P-330,https://www.flexfireleds.com/content/12V-DPS-6-spec-sheet.pdf,No
P-331,https://www.flexfireleds.com/content/12V-DPS-8-spec-sheet.pdf,No
P-332,https://www.flexfireleds.com/content/12V-WMPS-1-spec-sheet.pdf,No
P-333,https://www.flexfireleds.com/content/24V-DPS-2.5-spec-sheet.pdf,No
P-334,https://www.flexfireleds.com/content/24V-DPS-4-spec-sheet.pdf,No
P-335,https://www.flexfireleds.com/content/24V-DPS-5-spec-sheet.pdf,No
P-336,https://marteklighting.com/wp-content/uploads/2017/09/1835-LED.pdf,Yes
P-337,https://marteklighting.com/wp-content/uploads/2017/09/A19-LED-277V.pdf,Yes
P-338,https://marteklighting.com/wp-content/uploads/2017/09/LED-18753112-34V.pdf,Yes
P-339,https://marteklighting.com/wp-content/uploads/2017/09/LED-Flat-Panel-Fixtures.pdf,Yes
P-340,https://marteklighting.com/wp-content/uploads/2017/09/LED-T8-18W-Product-Specifications.pdf,Yes
P-341,https://marteklighting.com/wp-content/uploads/2017/09/MARTEK-LED-2-4-spec-sheet.pdf,Yes
P-342,https://marteklighting.com/wp-content/uploads/2017/09/Up-to-120W-IP65-LED-Corn-Light.pdf,Yes
P-343,https://marteklighting.com/wp-content/uploads/2017/10/12V-Chandelier-LED.pdf,Yes
P-344,https://marteklighting.com/wp-content/uploads/2017/10/1383-and-GBF-2W.pdf,Yes
P-345,https://marteklighting.com/wp-content/uploads/2017/10/A19-G16-and-G25-Silver-Bowl-Flyer.pdf,Yes
P-346,https://www.exitlightco.com/pdf/120-130_Lamps.pdf,Yes
P-347,https://www.exitlightco.com/pdf/B6V.pdf,No
P-348,https://www.exitlightco.com/pdf/BAA.pdf,No
P-349,https://www.exitlightco.com/pdf/CA-G.pdf,Yes
P-350,https://www.exitlightco.com/pdf/CA.pdf,Yes
P-351,https://www.exitlightco.com/pdf/CHELR.pdf,Yes
P-352,https://www.exitlightco.com/pdf/CHELSM.pdf,Yes
P-353,https://www.exitlightco.com/pdf/COMBO2_Spec.pdf,Yes
P-354,https://www.exitlightco.com/pdf/COMBOC.pdf,Yes
P-355,https://www.exitlightco.com/pdf/COMBOCA.pdf,Yes
P-356,http://solidapollo.com/PDF/DuoBrite-RGB-Controller-Remote-Data-Sheet.pdf,No
P-357,http://solidapollo.com/PDF/Dynamic-White-GlassTouch-Wall-Controller-120V-AC-Data-Sheet.pdf,No
P-358,http://solidapollo.com/PDF/LED-Wizard-RGB-Manual-Controller-Data-Sheet.pdf,No
P-359,http://solidapollo.com/PDF/Magro-RGB-W-Controller-Wall-Switch-Data-Sheet.pdf,No
P-360,http://solidapollo.com/PDF/Waterproof-8-Zone-RGB-W-Controller-Remote-Data-Sheet.pdf,No
P-361,http://www.solidapollo.com/PDF/120V-AC-8-Zone-Wireless-Waterproof-Controller-Data-Sheet.pdf,No
P-362,http://www.solidapollo.com/PDF/120V-AC-Waterproof-RGB-Driverless-Controller-Remote-Data-Sheet.pdf,No
P-363,http://www.solidapollo.com/PDF/120V-AC-Waterproof-RGB-Neon-Driverless-Controller-Remote-Data-Sheet.pdf,No
P-364,http://www.solidapollo.com/PDF/3-Channel-PWM-RGB-Controller-Data-Sheet.pdf,No
P-365,http://www.solidapollo.com/PDF/3528-24W-LED-Strip-Light-Data-Sheet.pdf,Yes
P-366,https://cdn.accentuate.io/6675904495680/1667298361115/CAND-4W-2500K-E12-NT-120V.pdf?v=1667298361115,Yes
P-367,https://cdn.accentuate.io/6675904626752/1667299129430/PORC-I-3W-2700K-E12-MP-120V.pdf?v=1667299129430,Yes
P-368,https://cdn.accentuate.io/6675904659520/1667298682409/GLOB-6W-2500K-E26-NT-120V.pdf?v=1667298682409,Yes
P-369,https://cdn.accentuate.io/6675904692288/1667298902752/LURA-3W-2200K-E26-T-120V.pdf?v=1667298902753,Yes
P-370,https://cdn.accentuate.io/6675904725056/1667299160011/PORC-II-6W-2700K-E26-MP-120V.pdf?v=1667299160011,Yes
P-371,https://cdn.accentuate.io/6675904757824/1667298640523/GAIA-6W-2200K-E26-T-120V.pdf?v=1667298640523,Yes
P-372,https://cdn.accentuate.io/6675904790592/1667298401941/ELVA-6W-2200K-E26-T-120V.pdf?v=1667298401942,Yes
P-373,https://cdn.accentuate.io/6675904790592/1667298436994/ELVA-6W-2200K-E26-NT-120V.pdf?v=1667298436994,Yes
P-374,https://cdn.accentuate.io/6675904823360/1667299188612/PORC-III-6W-2700K-E26-MP-120V.pdf?v=1667299188612,Yes
P-375,https://cdn.accentuate.io/6675904856128/1667299600380/SQCG-3W-2200K-E26-T-120V.pdf?v=1667299600380,Yes
P-376,https://cdn.shopify.com/s/files/1/0077/1381/6612/files/Adelaide_Pendant.pdf?v=1642698267,Yes
P-377,https://cdn.shopify.com/s/files/1/0077/1381/6612/files/Alton_Flush_Mount_Cut_Sheet.pdf?v=1644882629,Yes
P-378,https://cdn.shopify.com/s/files/1/0077/1381/6612/files/Alton_Pendant_Cut_Sheet.pdf?v=1643046491,Yes
P-379,https://cdn.shopify.com/s/files/1/0077/1381/6612/files/Amherst_Sconce_Cut_Sheet.pdf?v=1644257310,Yes
P-380,https://cdn.shopify.com/s/files/1/0077/1381/6612/files/Beasley_Chandelier.pdf?v=1642699692,Yes
P-381,https://cdn.shopify.com/s/files/1/0077/1381/6612/files/Beasley_xl_Chandelier_Cut_Sheet.pdf?v=1642797559,Yes
P-382,https://cdn.shopify.com/s/files/1/0077/1381/6612/files/Brookshire_Ceiling_Fixture.pdf?v=1643046670,Yes
P-383,https://cdn.shopify.com/s/files/1/0077/1381/6612/files/Cedar_Park_Cut_Sheet.pdf?v=1643649273,Yes
P-384,https://cdn.shopify.com/s/files/1/0077/1381/6612/files/Christopher_Chandelier.pdf?v=1643650360,Yes
P-385,https://cdn.shopify.com/s/files/1/0077/1381/6612/files/Dallas_Lamp_Cut_Sheet.pdf?v=1648140920,Yes
P-386,https://articolostudios.com/wp-content/uploads/2017/05/Articolo_Studios_Interior_Domi-Wall-Sconce_Spec-Sheet_AU_INT_23-V1.pdf,Yes
P-387,https://articolostudios.com/wp-content/uploads/2017/05/Articolo_Studios_Interior_Domi-Wall-Sconce_Spec-Sheet_UL_23-V1.pdf,Yes
P-388,https://articolostudios.com/wp-content/uploads/2017/05/Articolo_Studios_Interior_Duo-Wall-Sconce-on-Kick_Spec-Sheet_AU_INT_23-V1.pdf,Yes
P-389,https://articolostudios.com/wp-content/uploads/2017/05/Articolo_Studios_Interior_Duo-Wall-Sconce-on-Kick_Spec-Sheet_UL_23-V1.pdf,Yes
P-390,https://articolostudios.com/wp-content/uploads/2017/05/Articolo_Studios_Interior_Eclipse-Short-Wall-Sconce_Spec-Sheet_AU_INT_23-V2.pdf,Yes
P-391,https://articolostudios.com/wp-content/uploads/2017/05/Articolo_Studios_Interior_Eclipse-Short-Wall-Sconce_Spec-Sheet_UL_23-V2-1.pdf,Yes
P-392,https://articolostudios.com/wp-content/uploads/2017/05/Articolo_Studios_Interior_Fizi-Single-Ball-Pendant_Spec-Sheet_AU_INT_23-V1.pdf,Yes
P-393,https://articolostudios.com/wp-content/uploads/2017/05/Articolo_Studios_Interior_Fizi-Single-Ball-Pendant_Spec-Sheet_UL_23-V1.pdf,Yes
P-394,https://articolostudios.com/wp-content/uploads/2017/05/Articolo_Studios_Interior_Fizi-Single-Ball-Wall-Sconce-on-Kick_Spec-Sheet_AU_INT_23-V1.pdf,Yes
P-395,https://articolostudios.com/wp-content/uploads/2017/05/Articolo_Studios_Interior_Fizi-Single-Ball-Wall-Sconce-on-Kick_Spec-Sheet_UL_23-V1.pdf,Yes
P-396,https://www.stjameslighting.com/wp-content/uploads/2017/09/BELG-G-Q.pdf,Yes
P-397,https://www.stjameslighting.com/wp-content/uploads/2017/09/BELG-L-T.pdf,Yes
P-398,https://www.stjameslighting.com/wp-content/uploads/2017/09/BELG-M-T.pdf,Yes
P-399,https://www.stjameslighting.com/wp-content/uploads/2017/09/BELG-MINI-E.pdf,Yes
P-400,https://www.stjameslighting.com/wp-content/uploads/2017/09/BELG-S-T.pdf,Yes
P-401,https://www.stjameslighting.com/wp-content/uploads/2017/09/Birmingham-Grande.pdf,Yes
P-402,https://www.stjameslighting.com/wp-content/uploads/2017/09/Birmingham-Large.pdf,Yes
P-403,https://www.stjameslighting.com/wp-content/uploads/2017/09/Birmingham-Small.pdf,Yes
P-404,https://www.stjameslighting.com/wp-content/uploads/2017/09/Brunswick-Grande.pdf,Yes
P-405,https://www.stjameslighting.com/wp-content/uploads/2017/09/Brunswick-Small.pdf,Yes
P-406,https://www.rosetarlow.com/pdf/achilles-sconce,Yes
P-407,https://www.rosetarlow.com/pdf/angel-standing-lamp,Yes
P-408,https://www.rosetarlow.com/pdf/angel-table-lamp,Yes
P-409,https://www.rosetarlow.com/pdf/arete-oval-table-lamp,Yes
P-410,https://www.rosetarlow.com/pdf/belgrave-sconce-natural,Yes
P-411,https://www.rosetarlow.com/pdf/biblos-round-sconce,Yes
P-412,https://www.rosetarlow.com/pdf/biblos-square-scone,Yes
P-413,https://www.rosetarlow.com/pdf/blum-floor-lamp,Yes
P-414,https://www.rosetarlow.com/pdf/bronze-bird-candlestick-lamp,Yes
P-415,https://www.rosetarlow.com/pdf/buttercup-pendant,Yes
P-416,https://docs.willbrands.com/nafco-alum-bullhorn-flood.pdf,No
P-417,https://docs.willbrands.com/nafco-alum-bullhorn.pdf,No
P-418,https://docs.willbrands.com/nafco-alum-crossarm.pdf,No
P-419,https://docs.willbrands.com/nafco-alum-mast.pdf,No
P-420,https://docs.willbrands.com/nafco-alum-spoke.pdf,No
P-421,https://docs.willbrands.com/nafco-alum-truss.pdf,No
P-422,https://docs.willbrands.com/nafco-arlen-decorative-poles.pdf,No
P-423,https://docs.willbrands.com/nafco-decorative-bullhorn.pdf,No
P-424,https://docs.willbrands.com/nafco-external-hinged-square-tapered-steel-anchor.pdf,No
P-425,https://docs.willbrands.com/nafco-homewood-decorative-poles.pdf,No
P-426,https://wp4d77.p3cdn1.secureserver.net/wp-content/uploads/2015/09/SPEC_PWR-12_20_a.pdf,No
P-427,https://wp4d77.p3cdn1.secureserver.net/wp-content/uploads/2023/06/SPEC-CLiP3-dynamic-02_23c.pdf,Yes
P-428,https://wp4d77.p3cdn1.secureserver.net/wp-content/uploads/2023/06/SPEC-DIM-Z-DALI-04_22_b.pdf,No
P-429,https://wp4d77.p3cdn1.secureserver.net/wp-content/uploads/2023/06/SPEC_C3R-02_23b.pdf,Yes
P-430,https://wp4d77.p3cdn1.secureserver.net/wp-content/uploads/2023/06/SPEC_C3R-1424-Graze-02_23b.pdf,Yes
P-431,https://wp4d77.p3cdn1.secureserver.net/wp-content/uploads/2023/06/SPEC_C3S-02_23b.pdf,Yes
P-432,https://wp4d77.p3cdn1.secureserver.net/wp-content/uploads/2023/06/SPEC_C4C-11_22b.pdf,Yes
P-433,https://wp4d77.p3cdn1.secureserver.net/wp-content/uploads/2023/06/SPEC_C6C-06-23a.pdf,Yes
P-434,https://wp4d77.p3cdn1.secureserver.net/wp-content/uploads/2023/06/SPEC_C6R-03_23b.pdf,Yes
P-435,https://wp4d77.p3cdn1.secureserver.net/wp-content/uploads/2023/06/SPEC_C6RX-01_22c.pdf,Yes
P-436,https://drive.google.com/uc?id=107oyPOGI3C7AJeiCcMzxudrPQrCt7Gdd&export=download,Yes
P-437,https://drive.google.com/uc?id=14fiSDV29jjsS3skmLDFoUjt5pxGRWQg1&export=download,Yes
P-438,https://drive.google.com/uc?id=107oyPOGI3C7AJeiCcMzxudrPQrCt7Gdd&export=download,Yes
P-439,https://drive.google.com/uc?id=14fiSDV29jjsS3skmLDFoUjt5pxGRWQg1&export=download,Yes
P-440,https://drive.google.com/uc?id=1AzVm_vANsZECtJbqyovg_QuvIALbUtIQ&export=download,Yes
P-441,https://drive.google.com/uc?id=1EVEGQoWmQpmx7sJogycGDqUdY_hZR9VF&export=download,Yes
P-442,https://drive.google.com/uc?id=1FkHW3XlOE44YUsg3GNrNRnXlPCplBLEe&export=download,Yes
P-443,https://drive.google.com/uc?id=1IvgYGXFZMzOP4IOxYSjkI3M-zIKKhehz&export=download,Yes
P-444,https://drive.google.com/uc?id=1Prx3PiikWly3Skmy0Rt6XSOlt3hMaT4P&export=download,Yes
P-445,https://wakanine.com/wp-content/uploads/2021/07/Hush_Micro_TDS.pdf,Yes
P-446,https://wakanine.com/wp-content/uploads/2021/07/Hush_Mini_TDS.pdf,Yes
P-447,https://wakanine.com/wp-content/uploads/2021/07/Hush_Oval_TDS.pdf,Yes
P-448,https://www.vertiv.com/48e120/globalassets/products/critical-power/uninterruptible-power-supplies-ups/energy-storage-solutions-datasheet_00.pdf,No
P-449,https://www.vertiv.com/4908e2/globalassets/products/critical-power/uninterruptible-power-supplies-ups/vertiv-liebert-gxt5-lithium-ion-ups-5000---10000-va/vertiv-liebert-gxt5-lithium-ion-ups-5-10kva-mv-brochure-sl-70996.pdf,No
P-450,https://www.vertiv.com/4908e3/globalassets/products/critical-power/uninterruptible-power-supplies-ups/vertiv-liebert-gxt5-lithium-ion-ups-5000---10000-va/vertiv-liebert-gxt5-lithium-ion-ups-5-10kva-mv-data-sheet-sl-70913.pdf,No
P-451,https://www.vertiv.com/4915a3/globalassets/products/critical-power/uninterruptible-power-supplies-ups/vertiv-liebert-gxt5-ups-15-20kva-208120vac-data-sheet-sl-70621.pdf,No
P-452,https://www.vertiv.com/4925ec/globalassets/products/critical-power/uninterruptible-power-supplies-ups/vertiv-liebert-psi5-lithium-ion-ups-taa-brochure-sl-71034.pdf,No
P-453,https://www.vertiv.com/4925ef/globalassets/products/critical-power/uninterruptible-power-supplies-ups/vertiv-liebert-psi5-lithium-ion-ups-taa-data-sheet-sl-71012.pdf,No
P-454,https://www.vertiv.com/494a7b/globalassets/products/critical-power/uninterruptible-power-supplies-ups/liebert-ita2-ups-data-sheet.pdf,No
P-455,https://www.vertiv.com/496a07/globalassets/products/critical-power/uninterruptible-power-supplies-ups/liebert-gxt5-15-20kva-brochure-sl-70600.pdf,No
P-456,https://www.vertiv.com/4979c0/globalassets/products/critical-power/uninterruptible-power-supplies-ups/back-up-power-solutions-for-emergency-lighting-applications-data-sheet_00.pdf,No
P-457,https://www.vertiv.com/498f3c/globalassets/shared/vertiv-liebert-gxt5-lithium-ion-ups-1000---3000-va-120v-brochure-sl-70925.pdf,No
P-458,https://targettiusa.com/wp-content/uploads/2021/09/3F_Eldorado_Spec-Sheet.pdf,Yes
P-459,https://targettiusa.com/wp-content/uploads/2021/12/3F_Linda_Spec.pdf,Yes
P-460,https://targettiusa.com/wp-content/uploads/2021/01/DuraLamp_Minilini_Spec.pdf,Yes
P-461,https://targettiusa.com/wp-content/uploads/2021/01/Duralamp_DuraFlex-ARCH-RGB-Side-Flex_Spec.pdf,Yes
P-462,https://targettiusa.com/wp-content/uploads/2021/01/Duralamp_DuraFlex-ARCH-Side-Flex_Spec.pdf,Yes
P-463,https://targettiusa.com/wp-content/uploads/2021/01/Duralamp_DuraFlex-ARCH-Top-Flex_Spec.pdf,Yes
P-464,https://targettiusa.com/wp-content/uploads/2021/01/Duralamp_DuraFlex-Arch-Twist_Spec.pdf,Yes
P-465,https://targettiusa.com/wp-content/uploads/2021/01/Duralamp_DuraFlex-Neon-RGB-Side-Flex_Spec.pdf,Yes
P-466,https://targettiusa.com/wp-content/uploads/2021/01/Duralamp_DuraFlex-Neon-Side-Flex_Spec.pdf,Yes
P-467,https://targettiusa.com/wp-content/uploads/2021/01/Duralamp_DuraFlex-Neon-Top-Flex-RGB_Spec.pdf,Yes
P-468,https://targettiusa.com/wp-content/uploads/2021/01/Duralamp_DuraFlex-Neon-Top-Flex_Spec.pdf,Yes
P-469,https://targettiusa.com/wp-content/uploads/2021/01/Duralamp_DuraFlex-Optics_Spec.pdf,Yes
P-470,https://www.marleymep.com/system/files/node/file/field-file//5200-11046-002_1.pdf,No
P-471,https://www.marleymep.com/system/files/node/file/field-file//5200-11047-001_0.pdf,No
P-472,https://www.marleymep.com/system/files/node/file/field-file//5200-11092-003.pdf,No
P-473,https://www.marleymep.com/system/files/node/file/field-file//5200-2090-004.pdf,No
P-474,https://www.marleymep.com/system/files/node/file/field-file//5200-2194-010_2.pdf,No
P-475,https://www.marleymep.com/system/files/node/file/field-file//5200-2295-003_1.pdf,No
P-476,https://www.marleymep.com/system/files/node/file/field-file//5200-2335-003.pdf,No
P-477,https://www.marleymep.com/system/files/node/file/field-file//5200-2367-006.pdf,No
P-478,https://www.marleymep.com/system/files/node/file/field-file//5200-2455-001_1.pdf,No
P-479,https://www.marleymep.com/system/files/node/file/field-file//5200-th110adpp_1.pdf,No
P-480,https://www.jlc-tech.com/wp-content/uploads/2022/04/EM-Kit-for-JLC-Tech-Line-Voltage_Product-Spec.pdf,No
P-481,https://www.jlc-tech.com/wp-content/uploads/2022/07/T-BAR-LED-X-SERIES_Product-Order-Spec_f.pdf,Yes
P-482,https://www.jlc-tech.com/wp-content/uploads/2022/04/EM-Kit-for-JLC-Tech-Line-Voltage_Product-Spec.pdf,No
P-483,https://www.jlc-tech.com/wp-content/uploads/2022/07/TERALyte_1_Product-Order-Spec_f.pdf,Yes
P-484,https://www.jlc-tech.com/wp-content/uploads/2022/04/EM-Kit-for-JLC-Tech-Line-Voltage_Product-Spec.pdf,No
P-485,https://www.jlc-tech.com/wp-content/uploads/2022/04/T-BAR-LED-EM-Battery_Driver-Kit-spec-guide.pdf,No
P-486,https://www.jlc-tech.com/wp-content/uploads/2022/04/EM-Kit-for-JLC-Tech-Line-Voltage_Product-Spec.pdf,No
P-487,https://www.jlc-tech.com/wp-content/uploads/2022/07/T-BAR-FLEX_Product-Order-Spec_f.pdf,Yes
P-488,https://www.jlc-tech.com/wp-content/uploads/2022/04/EM-Kit-for-JLC-Tech-Line-Voltage_Product-Spec.pdf,No
P-489,https://www.jlc-tech.com/wp-content/uploads/2022/07/GEMINI_Product-Order-Spec-f.pdf,Yes
P-490,https://www.jlc-tech.com/wp-content/uploads/2022/04/T-BAR-LED-EM-Battery_Driver-Kit-spec-guide.pdf,No
P-491,https://www.jlc-tech.com/wp-content/uploads/2022/07/JLC-Tech-Remote-Driver-Order-Spec_f.pdf,No
P-492,https://www.jlc-tech.com/wp-content/uploads/2022/07/Lutron-Driver-Order-Spec_f.pdf,No
P-493,https://www.jlc-tech.com/wp-content/uploads/2022/07/T-BAR-LED-Tunablewhite-Controller-Order-Spec_f.pdf,No
P-494,https://www.jlc-tech.com/wp-content/uploads/2022/07/T-BAR-LED_Product-Order-Spec_f.pdf,Yes
P-495,https://www.jlc-tech.com/wp-content/uploads/2022/07/T-BAR-QUADRO_Product-Order-Spec_f.pdf,Yes
P-496,https://www.jlc-tech.com/wp-content/uploads/2022/07/T-BAR-RGBW-Controller-Order-Spec_f.pdf,No
P-497,https://www.jlc-tech.com/wp-content/uploads/2022/07/T-BAR-RGBW_Product-Order-Spec_f.pdf,Yes
P-498,https://www.jlc-tech.com/wp-content/uploads/2022/07/T-BAR-TWO-Driver-Order-Spec_f.pdf,No
P-499,https://www.jlc-tech.com/wp-content/uploads/2022/07/T-BAR-TWO_Product-Order-Spec_f.pdf,Yes
P-500,https://www.faber.glendimplexamericas.com/sites/g/files/emiian471/files/downloads/FEF3226L1_Sell_Sheets_1.pdf,No
P-501,https://www.faber.glendimplexamericas.com/sites/g/files/emiian471/files/downloads/FEF3226L2L_Sell_Sheets_1.pdf,No
P-502,https://www.faber.glendimplexamericas.com/sites/g/files/emiian471/files/downloads/FEF3226L2R_Sell_Sheets_1.pdf,No
P-503,https://www.faber.glendimplexamericas.com/sites/g/files/emiian471/files/downloads/FEF3226L3_Sell_Sheets_1.pdf,No
P-504,https://www.faber.glendimplexamericas.com/sites/g/files/emiian471/files/downloads/FMG3326F_Sell_Sheets_1.pdf,No
P-505,https://www.faber.glendimplexamericas.com/sites/g/files/emiian471/files/downloads/FMG3726L_Sell_Sheets_1.pdf,No
P-506,https://www.faber.glendimplexamericas.com/sites/g/files/emiian471/files/downloads/FMG3726R_Sell_Sheets_1.pdf,No
P-507,https://www.faber.glendimplexamericas.com/sites/g/files/emiian471/files/downloads/FMG4126B_Sell_Sheets_1.pdf,No
P-508,https://www.faber.glendimplexamericas.com/sites/g/files/emiian471/files/downloads/FMG4326F_Sell_Sheets_1.pdf,No
P-509,https://www.faber.glendimplexamericas.com/sites/g/files/emiian471/files/downloads/FMG4726L_Sell_Sheets_1.pdf,No
P-510,https://www.convectair.glendimplexamericas.com/sites/g/files/emiian446/files/2021-08/Apero%20Spec%20Sheetpdf%20%281%29.pdf,No
P-511,https://www.convectair.glendimplexamericas.com/sites/g/files/emiian446/files/2021-10/File-1524076596_Opera_Spec%20Sheet_Existing.pdf,No
P-512,https://www.convectair.glendimplexamericas.com/sites/g/files/emiian446/files/2021-11/Apero_SpecSheet_7359_7358.pdf,No
P-513,https://www.convectair.glendimplexamericas.com/sites/g/files/emiian446/files/2022-03/AllegroII_SpecSheet_7305.7306.7307.pdf,No
P-514,https://www.convectair.glendimplexamericas.com/sites/g/files/emiian446/files/2022-03/AllegroII_SpecSheet_7305.7306.7307_0.pdf,No
P-515,https://www.convectair.glendimplexamericas.com/sites/g/files/emiian446/files/2022-03/AllegroII_SpecSheet_7305.7306.7307_1.pdf,No
P-516,https://www.convectair.glendimplexamericas.com/sites/g/files/emiian446/files/2022-03/AllegroII_SpecSheet_7305.7306.7307_2.pdf,No
P-517,https://www.convectair.glendimplexamericas.com/sites/g/files/emiian446/files/2022-03/AllegroII_SpecSheet_7305.7306.7307_3.pdf,No
P-518,https://www.convectair.glendimplexamericas.com/sites/g/files/emiian446/files/2022-03/AllegroII_SpecSheet_7305.7306.7307_4.pdf,No
P-519,https://www.convectair.glendimplexamericas.com/sites/g/files/emiian446/files/2022-03/AllegroII_SpecSheet_7305.7306.7307_5.pdf,No
P-520,https://www.assets.signify.com/is/content/Signify/06da619a276244db9d06ad41007781e2,Yes
P-521,https://www.assets.signify.com/is/content/Signify/0c1e9e0ea8ef4d5683f3ad410079b078,Yes
P-522,https://www.assets.signify.com/is/content/Signify/0c28f6c4c7874d099a3ead410079bc01,Yes
P-523,https://www.assets.signify.com/is/content/Signify/1517c8afa62a41428da3ad41006958a0,Yes
P-524,https://www.assets.signify.com/is/content/Signify/1907125974fe4117ac0dad410079dfa5,Yes
P-525,https://www.assets.signify.com/is/content/Signify/1fbef4f92de240a0b7b3ad410078dcf7,Yes
P-526,https://www.assets.signify.com/is/content/Signify/243ff6250e3747dc99d6ad410078ba10,Yes
P-527,https://www.assets.signify.com/is/content/Signify/25ebf433d1024684ae75ad410079b8b4,Yes
P-528,https://www.assets.signify.com/is/content/Signify/28e46c0379944bee8eb3ad410079c627,Yes
P-529,https://www.assets.signify.com/is/content/Signify/3ae7a993829b4c74aa5aad4100777bc1,Yes
P-530,https://prod-edam.honeywell.com/content/dam/honeywell-edam/hbt/en-gb/documents/literature-and-specs/datasheets/HBT-SEC-DS-WINPAK4-9-UK-EN.pdf?download=false,No
P-531,https://prod-edam.honeywell.com/content/dam/honeywell-edam/hbt/en-gb/documents/literature-and-specs/datasheets/HBT-SEC-MPPE-DS-UK-EN.pdf?download=false,No
P-532,https://prod-edam.honeywell.com/content/dam/honeywell-edam/hbt/en-gb/documents/literature-and-specs/datasheets/HBT-SEC-PRW55-DS-EN-UK.pdf?download=false,No
P-533,https://prod-edam.honeywell.com/content/dam/honeywell-edam/hbt/en-gb/documents/literature-and-specs/datasheets/HG-S-Quad-Sensor-and-Sounder-and-VAD.pdf?download=false,No
P-534,https://prod-edam.honeywell.com/content/dam/honeywell-edam/hbt/en-gb/documents/literature-and-specs/datasheets/ex-or/D4009.pdf?download=false,No
P-535,https://prod-edam.honeywell.com/content/dam/honeywell-edam/hbt/en-gb/documents/literature-and-specs/datasheets/ex-or/D4013.pdf?download=false,No
P-536,https://prod-edam.honeywell.com/content/dam/honeywell-edam/hbt/en-gb/documents/literature-and-specs/datasheets/ex-or/D4029.pdf?download=false,No
P-537,https://prod-edam.honeywell.com/content/dam/honeywell-edam/hbt/en-gb/documents/literature-and-specs/datasheets/ex-or/D4030.pdf?download=false,No
P-538,https://prod-edam.honeywell.com/content/dam/honeywell-edam/hbt/en-gb/documents/literature-and-specs/datasheets/ex-or/D4067.pdf?download=false,Yes
P-539,https://prod-edam.honeywell.com/content/dam/honeywell-edam/hbt/en-gb/documents/literature-and-specs/datasheets/ex-or/D4068.pdf?download=false,No
P-540,http://dcsupplyinc.net/wp-content/uploads/2020/12/lamps-cut-sheets-combined.pdf,Yes
P-541,http://dcsupplyinc.net/wp-content/uploads/2023/01/AX-Area-Combined.pdf,Yes
P-542,https://www.cvl-luminaires.fr/wp-content/uploads/2022/04/fiche-cvl-arborescence.pdf,Yes
P-543,https://www.cvl-luminaires.fr/wp-content/uploads/2022/04/fiche-cvl-atmos.pdf,Yes
P-544,https://www.cvl-luminaires.fr/wp-content/uploads/2022/04/fiche-cvl-calee.pdf,Yes
P-545,https://www.cvl-luminaires.fr/wp-content/uploads/2022/04/fiche-cvl-cercle-trait.pdf,Yes
P-546,https://www.cvl-luminaires.fr/wp-content/uploads/2022/04/fiche-cvl-constellation.pdf,Yes
P-547,https://www.cvl-luminaires.fr/wp-content/uploads/2022/04/fiche-cvl-cornet.pdf,Yes
P-548,https://www.cvl-luminaires.fr/wp-content/uploads/2022/04/fiche-cvl-couture.pdf,Yes
P-549,https://www.cvl-luminaires.fr/wp-content/uploads/2022/04/fiche-cvl-earth.pdf,Yes
P-550,https://www.cvl-luminaires.fr/wp-content/uploads/2022/04/fiche-cvl-eclipse.pdf,Yes
P-551,https://www.cvl-luminaires.fr/wp-content/uploads/2022/04/fiche-cvl-flea.pdf,Yes
P-552,https://www.reginaandrew.com/app/extensions/AwaLabs/PdfGenerator/2.0.0/services/PdfGenerator.Service.ss?id=10564&option=1,Yes
P-553,https://www.reginaandrew.com/app/extensions/AwaLabs/PdfGenerator/2.0.0/services/PdfGenerator.Service.ss?id=10566&option=1,Yes
P-554,https://www.reginaandrew.com/app/extensions/AwaLabs/PdfGenerator/2.0.0/services/PdfGenerator.Service.ss?id=10653&option=3,Yes
P-555,https://www.reginaandrew.com/app/extensions/AwaLabs/PdfGenerator/2.0.0/services/PdfGenerator.Service.ss?id=10752&option=1,Yes
P-556,https://www.reginaandrew.com/app/extensions/AwaLabs/PdfGenerator/2.0.0/services/PdfGenerator.Service.ss?id=10951&option=1,Yes
P-557,https://www.reginaandrew.com/app/extensions/AwaLabs/PdfGenerator/2.0.0/services/PdfGenerator.Service.ss?id=11293,No
P-558,https://www.reginaandrew.com/app/extensions/AwaLabs/PdfGenerator/2.0.0/services/PdfGenerator.Service.ss?id=11294,No
P-559,https://www.reginaandrew.com/app/extensions/AwaLabs/PdfGenerator/2.0.0/services/PdfGenerator.Service.ss?id=11295,No
P-560,https://www.reginaandrew.com/app/extensions/AwaLabs/PdfGenerator/2.0.0/services/PdfGenerator.Service.ss?id=11298,No
P-561,https://www.reginaandrew.com/app/extensions/AwaLabs/PdfGenerator/2.0.0/services/PdfGenerator.Service.ss?id=1244,Yes
P-562,https://darmes.ca/wp-content/uploads/2022/05/HYTA_product-sheet_20220510.pdf,Yes
P-563,https://darmes.ca/wp-content/uploads/2023/05/CEPE_product-sheet_20230419.pdf,Yes
P-564,https://darmes.ca/wp-content/uploads/2023/05/CEWA_product-sheet_20230419.pdf,Yes
P-565,https://darmes.ca/wp-content/uploads/2023/05/EDL_product-sheet_20230511.pdf,Yes
P-566,https://darmes.ca/wp-content/uploads/2023/05/GITA_product-sheet_20230419.pdf,Yes
P-567,https://darmes.ca/wp-content/uploads/2023/05/GIXL_product-sheet_20230419.pdf,Yes
P-568,https://darmes.ca/wp-content/uploads/2023/05/HADO_product-sheet_20230419.pdf,Yes
P-569,https://darmes.ca/wp-content/uploads/2023/05/HASI_product-sheet_20230419.pdf,Yes
P-570,https://darmes.ca/wp-content/uploads/2023/05/HATA_product-sheet_20230531.pdf,Yes
P-571,https://darmes.ca/wp-content/uploads/2023/05/HATR_product-sheet_20230419.pdf,Yes
P-572,http://www.rizellc.com/pdf/45-Eyelet-Submittal.pdf,No
P-573,http://www.rizellc.com/pdf/90-Eyelet-Submittal.pdf,No
P-574,http://www.rizellc.com/pdf/CanopyKit-LitSheet.pdf,No
P-575,http://www.rizellc.com/pdf/Cat Loc-LitSheet.pdf,No
P-576,http://www.rizellc.com/pdf/CrossCableHangerAssemblies.pdf,No
P-577,http://www.rizellc.com/pdf/DeckHanger.pdf,No
P-578,http://www.rizellc.com/pdf/DrivePin.pdf,No
P-579,http://www.rizellc.com/pdf/FlatPanelKit.pdf,No
P-580,http://www.rizellc.com/pdf/KL100.pdf,No
P-581,http://www.rizellc.com/pdf/KL150.pdf,No
P-582,https://www.dropbox.com/s/4pwr3za88i0hkde/cutsheet_hemispheres_pendant.pdf?raw=1,Yes
P-583,https://www.dropbox.com/s/dliuy3nfc1qukne/cutsheet_hook-sconce.pdf?raw=1,Yes
P-584,https://cms.buzzi.space/files/attachments/.10434/6172_Buzzispace_Curtains_Bracks_20210714_LR_WIP.pdf,Yes
P-585,https://cms.buzzi.space/files/attachments/.10505/6209_PSS_BuzziNordic_ST600_v01.pdf,No
P-586,https://cms.buzzi.space/files/attachments/.11231/6348_PSS_BuzziK_v02.pdf,No
P-587,https://cms.buzzi.space/files/attachments/.11232/6349_PSS_BuzziQ_v02.pdf,No
P-588,https://cms.buzzi.space/files/attachments/.11736/6550_PSS_BuzziBreeze_v11.pdf,No
P-589,https://cms.buzzi.space/files/attachments/.11758/6563_PSS_BuzziTwist_v05.pdf,No
P-590,https://cms.buzzi.space/files/attachments/.11862/6620_PSS_BuzziCube_3D_v12.pdf,No
P-591,https://cms.buzzi.space/files/attachments/.11885/6623_PSS_BuzziRugs_v06.pdf,No
P-592,https://cms.buzzi.space/files/attachments/.11963/6657_PSS_BuzziBrickBack_v13.pdf,No
P-593,https://cms.buzzi.space/files/attachments/.11964/6658_PSS_BrickBack_Architectural_v11.pdf,No
P-594,https://www.vergokan.com/en/cable-support-systems/+Stainless+steel/Stainless+steel/DCLVF/datasheet,No
P-595,https://www.vergokan.com/en/cable-support-systems/+Stainless+steel/Stainless+steel/DOPKLL/datasheet,No
P-596,https://www.vergokan.com/en/cable-support-systems/+Stainless+steel/Stainless+steel/DOPKLM/datasheet,No
P-597,https://www.vergokan.com/en/cable-support-systems/+Stainless+steel/Stainless+steel/DOPKLZ/datasheet,No
P-598,https://www.vergokan.com/en/cable-support-systems/+Stainless+steel/Stainless+steel/DOPKS/datasheet,No
P-599,https://www.vergokan.com/en/cable-support-systems/+Stainless+steel/Stainless+steel/I4BPLM/datasheet,No
P-600,https://www.vergokan.com/en/cable-support-systems/+Stainless+steel/Stainless+steel/I4COMEGA290/datasheet,No
P-601,https://www.vergokan.com/en/cable-support-systems/+Stainless+steel/Stainless+steel/I4D/datasheet,No
P-602,https://www.vergokan.com/en/cable-support-systems/+Stainless+steel/Stainless+steel/I4KBSI60/datasheet,No
P-603,https://www.vergokan.com/en/cable-support-systems/+Stainless+steel/Stainless+steel/I4KG60/datasheet,No
P-604,http://www.steelcomponentsinc.net/Catalog/Aluminum Conduit Body Covers.pdf,No
P-605,http://www.steelcomponentsinc.net/Catalog/BX38 & MSC3890D.pdf,No
P-606,http://www.steelcomponentsinc.net/Catalog/Beam Clamps.pdf,No
P-607,http://www.steelcomponentsinc.net/Catalog/Bendsaver.pdf,No
P-608,http://www.steelcomponentsinc.net/Catalog/C-x.pdf,No
P-609,http://www.steelcomponentsinc.net/Catalog/CC Connectors.pdf,No
P-610,http://www.steelcomponentsinc.net/Catalog/CCR new.pdf,No
P-611,http://www.steelcomponentsinc.net/Catalog/CK Couplings.pdf,No
P-612,http://www.steelcomponentsinc.net/Catalog/CKR new.pdf,No
P-613,http://www.steelcomponentsinc.net/Catalog/CM-x.pdf,No
P-614,https://www.marcocm.com/userfiles/uploads/Tech%20Sheets/MC106_Technical_Document.pdf,No
P-615,https://www.marcocm.com/userfiles/uploads/Tech%20Sheets/MC55_Technical_Document.pdf,No
P-616,https://www.availinfra.com/wp-content/uploads/2022/10/AvailWSI_BoilerServices_Brochure_BR_Sngl.pdf,No
P-617,https://www.availinfra.com/wp-content/uploads/2022/10/AvailWSI_BoilerServices_Brochure_DE_Sngl.pdf,No
P-618,https://www.availinfra.com/wp-content/uploads/2022/10/AvailWSI_BoilerServices_Brochure_EN_Sngl-1.pdf,No
P-619,https://www.availinfra.com/wp-content/uploads/2022/10/AvailWSI_BoilerServices_Brochure_ES_Sngl.pdf,No
P-620,https://www.availinfra.com/wp-content/uploads/2022/10/AvailWSI_BoilerServices_Brochure_FR_Sngl.pdf,No
P-621,https://www.availinfra.com/wp-content/uploads/2022/10/AvailWSI_BoilerServices_Brochure_IT_Sngl.pdf,No
P-622,https://www.availinfra.com/wp-content/uploads/2022/10/AvailWSI_VesselServices_Brochure_BR_Sngl.pdf,No
P-623,https://www.availinfra.com/wp-content/uploads/2022/10/AvailWSI_VesselServices_Brochure_DE_Sngl.pdf,No
P-624,https://www.availinfra.com/wp-content/uploads/2022/10/AvailWSI_VesselServices_Brochure_EN_Sngl-2.pdf,No
P-625,https://www.availinfra.com/wp-content/uploads/2022/10/AvailWSI_VesselServices_Brochure_EN_Sngl-3.pdf,No
P-626,https://www.oluce.com/wp-content/uploads/2017/04/OLU-acrilica281-technical-data-ce.pdf,Yes
P-627,https://www.oluce.com/wp-content/uploads/2017/04/OLU-astro-1188-technical-data-CCC.pdf,Yes
P-628,https://www.oluce.com/wp-content/uploads/2017/04/OLU-astro-1188-technical-data-standard.pdf,Yes
P-629,https://www.oluce.com/wp-content/uploads/2017/04/OLU-atollo-236-technical-data-CCC.pdf,Yes
P-630,https://www.oluce.com/wp-content/uploads/2017/04/OLU-atollo236-technical-data-ul.pdf,Yes
P-631,https://www.oluce.com/wp-content/uploads/2017/04/OLU-atollo237-technical-data-ccc.pdf,Yes
P-632,https://www.oluce.com/wp-content/uploads/2017/04/OLU-atollo237-technical-data-ce.pdf,Yes
P-633,https://www.oluce.com/wp-content/uploads/2017/04/OLU-atollo237-technical-data-ul.pdf,Yes
P-634,https://www.oluce.com/wp-content/uploads/2017/04/OLU-atollo238-CCC-technical-data.pdf,Yes
P-635,https://www.oluce.com/wp-content/uploads/2017/04/OLU-atollo238-technical-data-UL.pdf,Yes
P-636,https://assets.bocci.com/site/documents/Product-Overview/100Series-Overview.pdf,Yes
P-637,https://assets.bocci.com/site/documents/Product-Overview/118Series-Overview.pdf,Yes
P-638,https://assets.bocci.com/site/documents/Product-Overview/14Series-Overview.pdf,Yes
P-639,https://assets.bocci.com/site/documents/Product-Overview/16Series-Overview.pdf,Yes
P-640,https://assets.bocci.com/site/documents/Product-Overview/21Series-Overview.pdf,Yes
P-641,https://assets.bocci.com/site/documents/Product-Overview/28Series-Overview.pdf,Yes
P-642,https://assets.bocci.com/site/documents/Product-Overview/38Series-Overview.pdf,Yes
P-643,https://assets.bocci.com/site/documents/Product-Overview/38vSeries-Overview.pdf,Yes
P-644,https://assets.bocci.com/site/documents/Product-Overview/44Series-Overview.pdf,Yes
P-645,https://assets.bocci.com/site/documents/Product-Overview/57Series-Overview.pdf,Yes
P-646,https://www.gripple.com/umbraco/Surface/ProductTechnicalDocuments/Download?url=BUS-PI-ANG-ENG-1689%20433.pdf,No
P-647,https://www.gripple.com/umbraco/Surface/ProductTechnicalDocuments/Download?url=BUS-PI-BUS-ENG-1037.pdf,No
P-648,https://www.emergencylighting.com/productpdfs/0601683_les_spec.pdf,Yes
P-649,https://www.emergencylighting.com/productpdfs/0603436_pgn_spec.pdf,Yes
P-650,https://www.emergencylighting.com/productpdfs/0914.pdf,No
P-651,https://www.emergencylighting.com/productpdfs/0914e.pdf,No
P-652,https://www.emergencylighting.com/productpdfs/0916e.pdf,No
P-653,https://www.emergencylighting.com/productpdfs/0918e.pdf,No
P-654,https://www.emergencylighting.com/productpdfs/0919.pdf,No
P-655,https://www.emergencylighting.com/productpdfs/0976.pdf,No
P-656,https://www.emergencylighting.com/productpdfs/1000w-inverter.pdf,No
P-657,https://www.emergencylighting.com/productpdfs/1092068_spec sheet.pdf,Yes
P-658,http://www.donovanlighting.com/pdf/acrylic-shade.pdf,Yes
P-659,http://www.donovanlighting.com/pdf/chicagoseven.pdf,Yes
P-660,http://www.donovanlighting.com/pdf/colored-metal-drums.pdf,Yes
P-661,http://www.donovanlighting.com/pdf/cubetear.pdf,Yes
P-662,http://www.donovanlighting.com/pdf/lakehouse-pendant.pdf,Yes
P-663,http://www.donovanlighting.com/pdf/lakehouseSconce.pdf,Yes
P-664,http://www.donovanlighting.com/pdf/longhornSconce.pdf,Yes
P-665,http://www.donovanlighting.com/pdf/metpen-tear-may-2018.pdf,Yes
P-666,http://www.donovanlighting.com/pdf/metro1800sconce.pdf,Yes
P-667,http://www.donovanlighting.com/pdf/pennington cut sheet.pdf,Yes
P-668,https://cdn.currentlighting.com/site/specsheet/1114A_LightHAWK2_LHMT.pdf,No
P-669,https://cdn.currentlighting.com/site/specsheet/1116A_LightHAWK2_LHUS.pdf,No
P-670,https://cdn.currentlighting.com/site/specsheet/1118A_LightHAWK2_PIR.pdf,No
P-671,https://cdn.currentlighting.com/site/specsheet/1119A_LightHAWK-LITE_SPEC.pdf,No
P-672,https://cdn.currentlighting.com/site/specsheet/1120A_LHNIRS_SPEC.pdf,No
P-673,https://cdn.currentlighting.com/site/specsheet/1122A_LightHAWK2_Dimming.pdf,No
P-674,https://cdn.currentlighting.com/site/specsheet/1123A_LightHAWK_Dimming_Dual_Tech_spec.pdf,No
P-675,https://cdn.currentlighting.com/site/specsheet/120-277-Transformers.pdf,No
P-676,https://cdn.currentlighting.com/site/specsheet/1301A_OMNIDT_SPEC.pdf,No
P-677,https://cdn.currentlighting.com/site/specsheet/1302a_omni_us_cutsheet.pdf,No
P-678,https://lukelampco.s3.us-east-2.amazonaws.com/Tearsheets/2.5ft%20Aura%20I%20Sconce%20%28Left%29%20Tearsheet.pdf,Yes
P-679,https://lukelampco.s3.us-east-2.amazonaws.com/Tearsheets/2.5ft%20Aura%20I%20Sconce%20%28Right%29%20Tearsheet.pdf,Yes
P-680,https://lukelampco.s3.us-east-2.amazonaws.com/Tearsheets/2.5ft%20Leira%20Sconce%20%28Left%29%20Tearsheet.pdf,Yes
P-681,https://lukelampco.s3.us-east-2.amazonaws.com/Tearsheets/2.5ft%20Leira%20Sconce%20%28Right%29%20Tearsheet.pdf,Yes
P-682,https://lukelampco.s3.us-east-2.amazonaws.com/Tearsheets/2.5ft%20Leto%20Pendant%20Tearsheet.pdf,Yes
P-683,https://lukelampco.s3.us-east-2.amazonaws.com/Tearsheets/2.5ft%20Leto%20Sconce%20%28Left%29%20Tearsheet.pdf,Yes
P-684,https://lukelampco.s3.us-east-2.amazonaws.com/Tearsheets/2.5ft%20Leto%20Sconce%20%28Right%29%20Tearsheet.pdf,Yes
P-685,https://lukelampco.s3.us-east-2.amazonaws.com/Tearsheets/2.5ft%20Surrey%20Pendant%20Tearsheet.pdf,Yes
P-686,https://lukelampco.s3.us-east-2.amazonaws.com/Tearsheets/2.5ft%20Surrey%20Sconce%20%28Left%29%20Tearsheet.pdf,Yes
P-687,https://lukelampco.s3.us-east-2.amazonaws.com/Tearsheets/2.5ft%20Surrey%20Sconce%20%28Right%29%20Tearsheet.pdf,Yes
P-688,https://www.fontanaarte.com/en/productpdf/download/file/id/10377/name/BILIA_MINI.pdf/,Yes
P-689,https://www.fontanaarte.com/en/productpdf/download/file/id/10386/name/TROPICO_PICCOLA.pdf/,Yes
P-690,https://www.fontanaarte.com/en/productpdf/download/file/id/10389/name/TROPICO_SMALL.pdf/,Yes
P-691,https://www.fontanaarte.com/en/productpdf/download/file/id/10392/name/TROPICO_MEDIUM.pdf/,Yes
P-692,https://www.fontanaarte.com/en/productpdf/download/file/id/10395/name/TROPICO_MEDIUM.pdf/,Yes
P-693,https://www.fontanaarte.com/en/productpdf/download/file/id/10398/name/TROPICO_GRANDE.pdf/,Yes
P-694,https://www.fontanaarte.com/en/productpdf/download/file/id/10401/name/TROPICO_LARGE.pdf/,Yes
P-695,https://www.fontanaarte.com/en/productpdf/download/file/id/10404/name/TROPICO_MEDIUM.pdf/,Yes
P-696,https://www.fontanaarte.com/en/productpdf/download/file/id/10407/name/TROPICO_MEDIA.pdf/,Yes
P-697,https://www.fontanaarte.com/en/productpdf/download/file/id/10410/name/TROPICO_MEDIA.pdf/,Yes
P-698,http://www.puroluxco.com/__static/0cb1f0423f88d47f7a10a1cb8d356988/purolux-96w-driver-spec(3).pdf?dl=1,No
P-699,http://www.puroluxco.com/__static/2aa6213943d8de4916b6e71d840375b2/purolux-led-thermoplastic-exit-sign-spec-sheet(2).pdf?dl=1,Yes
P-700,https://cdn.currentlighting.com/site/specsheet/1607A_HCSREC_SPEC.pdf,No
P-701,https://cdn.currentlighting.com/site/specsheet/1901A_BTWASP_SPEC.pdf,No
P-702,https://cdn.currentlighting.com/site/specsheet/1902A_BTSMP-HMO_SPEC.pdf,No
P-703,https://cdn.currentlighting.com/site/specsheet/1903A_BTSMP-LMO_SPEC.pdf,No
P-704,https://cdn.currentlighting.com/site/specsheet/1904A_BT-OMNI_SPEC.pdf,No
P-705,https://cdn.currentlighting.com/site/specsheet/1905A_BTSMP-LMI_SPEC.pdf,No
P-706,https://cdn.currentlighting.com/site/specsheet/2102A_Dimming-WASP_SPEC.pdf,No
P-707,https://cdn.currentlighting.com/site/specsheet/2102A_Dimming_WASP_Cutsheet.pdf,No
P-708,https://cdn.currentlighting.com/site/specsheet/2104A_WASP-Lens-Options_SPEC.pdf,No
P-709,https://cdn.currentlighting.com/site/specsheet/3453A_NX_Network_Bridge_Module.pdf,No
P-710,https://www.nvent.com/en-in/lenton/products/a12-standard-coupler-cryogenic-applications-0/pdf,No
P-711,https://www.nvent.com/en-in/lenton/products/a12-standard-coupler-plain-worldwide-design-0/pdf,No
P-712,https://www.nvent.com/en-in/lenton/products/a12-standard-transition-coupler-plain-worldwide-design-0/pdf,No
P-713,https://www.nvent.com/en-in/lenton/products/a2-standard-coupler-coated-0/pdf,No
P-714,https://www.nvent.com/en-in/lenton/products/a2-standard-coupler-plain-0/pdf,No
P-715,https://www.nvent.com/en-in/lenton/products/a2-standard-coupler-stainless-steel-0/pdf,No
P-716,https://www.nvent.com/en-in/lenton/products/a2-standard-transition-coupler-plain-0/pdf,No
P-717,https://www.nvent.com/en-in/lenton/products/a2d6-mechanical-anchor-future-extension-plain-0/pdf,No
P-718,https://www.nvent.com/en-in/lenton/products/angular-pouring-basin-side-fill-45deg-left-hand-0/pdf,No
P-719,https://www.nvent.com/en-in/lenton/products/angular-pouring-basin-side-fill-45deg-right-hand-0/pdf,No
P-720,https://www.nvent.com/en-in/eriflex/products/abs-adjustable-busbar-support-high-ampacity-kit-0/pdf,No
P-721,https://www.nvent.com/en-in/eriflex/products/abs-adjustable-busbar-support-insulator-module-0/pdf,No
P-722,https://www.nvent.com/en-in/eriflex/products/abs-adjustable-busbar-support-perforated-profile-0/pdf,No
P-723,https://www.nvent.com/en-in/eriflex/products/abs-adjustable-busbar-support-profile-0/pdf,No
P-724,https://www.nvent.com/en-in/eriflex/products/abs-adjustable-busbar-support-profile-stiffener-0/pdf,No
P-725,https://www.nvent.com/en-in/eriflex/products/adjustable-flat-busbar-support-insulator-0/pdf,No
P-726,https://www.nvent.com/en-in/eriflex/products/adjustable-flat-busbar-support-kit-0/pdf,No
P-727,https://www.nvent.com/en-in/eriflex/products/adjustable-flat-busbar-support-rail-0/pdf,No
P-728,https://www.nvent.com/en-in/eriflex/products/bc-ribbed-steel-busbar-clamp-0/pdf,No
P-729,https://www.nvent.com/en-in/eriflex/products/bd-crimp-and-drill-tool-0/pdf,No
P-730,https://cdn.currentlighting.com/site/specsheet/LBSE-RD-RM.pdf,Yes
P-731,https://cdn.currentlighting.com/site/specsheet/LBSE-RD.pdf,Yes
P-732,https://cdn.currentlighting.com/site/specsheet/LBSE-SQD-RM.pdf,Yes
P-733,https://cdn.currentlighting.com/site/specsheet/LBSE-SQD.pdf,Yes
P-734,https://cdn.currentlighting.com/site/specsheet/LBSES-RD-RM.pdf,Yes
P-735,https://cdn.currentlighting.com/site/specsheet/LBSES-RD.pdf,Yes
P-736,https://cdn.currentlighting.com/site/specsheet/LBSES-SQD-RM.pdf,Yes
P-737,https://cdn.currentlighting.com/site/specsheet/LBSES-SQD.pdf,Yes
P-738,https://cdn.currentlighting.com/site/specsheet/LFR-SCA.pdf,Yes
P-739,https://cdn.currentlighting.com/site/specsheet/LTC-3RDW.pdf,Yes
P-740,https://cdn.currentlighting.com/site/specsheet/15l_cc.pdf,Yes
P-741,https://cdn.currentlighting.com/site/specsheet/20l.pdf,Yes
P-742,https://cdn.currentlighting.com/site/specsheet/2L-P-D.pdf,Yes
P-743,https://cdn.currentlighting.com/site/specsheet/2L-P-ID.pdf,Yes
P-744,https://cdn.currentlighting.com/site/specsheet/2L-R-D.pdf,Yes
P-745,https://cdn.currentlighting.com/site/specsheet/2L-RW-D.pdf,Yes
P-746,https://cdn.currentlighting.com/site/specsheet/2L-S-D.pdf,Yes
P-747,https://cdn.currentlighting.com/site/specsheet/2L-W-D.pdf,Yes
P-748,https://cdn.currentlighting.com/site/specsheet/2L-W-ID.pdf,Yes
P-749,https://cdn.currentlighting.com/site/specsheet/2L-WS-D.pdf,Yes
P-750,https://cdn.currentlighting.com/site/specsheet/COL_CWM_pds.pdf,No
P-751,https://cdn.currentlighting.com/site/specsheet/COL_CWM_spec.pdf,Yes
P-752,https://cdn.currentlighting.com/site/specsheet/COL_Wall3_spec.pdf,Yes
P-753,https://cdn.currentlighting.com/site/specsheet/LC_KLO_spec.pdf,Yes
P-754,https://cdn.currentlighting.com/site/specsheet/LS-Prevent-Linear_spec.pdf,Yes
P-755,https://cdn.currentlighting.com/site/specsheet/LS_CFP_spec.pdf,Yes
P-756,https://cdn.currentlighting.com/site/specsheet/LS_CWM_spec.pdf,Yes
P-757,https://cdn.currentlighting.com/site/specsheet/LS_EVEXIA_SPEC.pdf,Yes
P-758,https://cdn.currentlighting.com/site/specsheet/LS_LTR-4RD-CR_spec.pdf,Yes
P-759,https://cdn.currentlighting.com/site/specsheet/LS_LTR-4RD-MRI_spec.pdf,Yes
P-760,https://cdn.currentlighting.com/site/specsheet/KV_NOC-1.5R_spec.pdf,Yes
P-761,https://cdn.currentlighting.com/site/specsheet/KV_NOC-1.5R_submittal-sheet.pdf,Yes
P-762,https://cdn.currentlighting.com/site/specsheet/KV_NOC-1.5S_spec.pdf,Yes
P-763,https://cdn.currentlighting.com/site/specsheet/KV_NOC-1.5S_submittal-sheet.pdf,Yes
P-764,https://cdn.currentlighting.com/site/specsheet/KV_NOC-2.5R_spec.pdf,Yes
P-765,https://cdn.currentlighting.com/site/specsheet/KV_NOC-2.5R_submittal-sheet.pdf,Yes
P-766,https://cdn.currentlighting.com/site/specsheet/KV_NOC-2.5S_spec.pdf,Yes
P-767,https://cdn.currentlighting.com/site/specsheet/KV_NOC-2.5S_submittal-sheet.pdf,Yes
P-768,https://cdn.currentlighting.com/site/specsheet/KV_NOC-3.5R_spec.pdf,Yes
P-769,https://cdn.currentlighting.com/site/specsheet/KV_NOC-3.5R_submittal-sheet.pdf,Yes
P-770,https://cdn.currentlighting.com/site/specsheet/KL_DMX_whitepaper_spec.pdf,Yes
P-771,https://cdn.currentlighting.com/site/specsheet/KL_PVNTR_spec.pdf,Yes
P-772,https://cdn.currentlighting.com/site/specsheet/RSA-K_spec_sheet.pdf,No
P-773,https://cdn.currentlighting.com/site/specsheet/RSS-K_spec_sheet.pdf,No
P-774,https://cdn.currentlighting.com/site/specsheet/RTA-K_spec_sheet.pdf,No
P-775,https://cdn.currentlighting.com/site/specsheet/RTS-K_spec_sheet.pdf,No
P-776,https://cdn.currentlighting.com/site/specsheet/SSA-K_spec_sheet.pdf,No
P-777,https://cdn.currentlighting.com/site/specsheet/SSS-K_spec_sheet.pdf,No
P-778,https://cdn.currentlighting.com/site/specsheet/STS-K_spec_sheet.pdf,No
P-779,https://cdn.currentlighting.com/site/specsheet/kl_12vtransformer_spec.pdf,No
P-780,https://cdn.currentlighting.com/site/specsheet/241-C-93065013_A.pdf,No
P-781,https://cdn.currentlighting.com/site/specsheet/285-B-3-3.5-2.38_Reducer_93065023_A.pdf,No
P-782,https://cdn.currentlighting.com/site/specsheet/285-B-4-4.5-2.38_Reducer_93065024_A.pdf,No
P-783,https://cdn.currentlighting.com/site/specsheet/4024C_93065030_A.pdf,No
P-784,https://cdn.currentlighting.com/site/specsheet/4040_93066059_A.pdf,No
P-785,https://cdn.currentlighting.com/site/specsheet/4041_93066046_A.pdf,No
P-786,https://cdn.currentlighting.com/site/specsheet/4090_93066060_A.pdf,No
P-787,https://cdn.currentlighting.com/site/specsheet/AFB-1_93065034_A.pdf,No
P-788,https://cdn.currentlighting.com/site/specsheet/ARM-CR-6-S_93066026_A.pdf,No
P-789,https://cdn.currentlighting.com/site/specsheet/ARM-CR-K-S-10_Adjustable_Arm_93064998_A.pdf,No
P-790,https://cdn.currentlighting.com/site/specsheet/603995_dl_eve4x_SPEC.pdf,Yes
P-791,https://cdn.currentlighting.com/site/specsheet/DL_0604040_OBN_SPEC.pdf,Yes
P-792,https://cdn.currentlighting.com/site/specsheet/DL_BCCR20_SPEC.pdf,No
P-793,https://cdn.currentlighting.com/site/specsheet/DL_CCEL_SPEC.pdf,Yes
P-794,https://cdn.currentlighting.com/site/specsheet/DL_CLL_SPEC.pdf,Yes
P-795,https://cdn.currentlighting.com/site/specsheet/DL_CLML_SPEC.pdf,Yes
P-796,https://cdn.currentlighting.com/site/specsheet/DL_CLS_SPEC.pdf,Yes
P-797,https://cdn.currentlighting.com/site/specsheet/DL_DLR_SPEC.pdf,Yes
P-798,https://cdn.currentlighting.com/site/specsheet/DL_DPL_SPEC.pdf,Yes
P-799,https://cdn.currentlighting.com/site/specsheet/DL_DYNC_Spec.pdf,Yes
P-800,https://cdn.currentlighting.com/site/specsheet/COM_CCE_SPEC.pdf,Yes
P-801,https://cdn.currentlighting.com/site/specsheet/COM_CCSQ_SPEC.pdf,Yes
P-802,https://cdn.currentlighting.com/site/specsheet/COM_CC_SPEC.pdf,Yes
P-803,https://cdn.currentlighting.com/site/specsheet/COM_CELC_SPEC.pdf,Yes
P-804,https://cdn.currentlighting.com/site/specsheet/COM_CELEM_SPEC.pdf,Yes
P-805,https://cdn.currentlighting.com/site/specsheet/COM_CEL_SPEC.pdf,Yes
P-806,https://cdn.currentlighting.com/site/specsheet/COM_CEW_SPEC.pdf,Yes
P-807,https://cdn.currentlighting.com/site/specsheet/COM_CE_SPEC.pdf,Yes
P-808,https://cdn.currentlighting.com/site/specsheet/COM_CIR_SPEC.pdf,Yes
P-809,https://cdn.currentlighting.com/site/specsheet/COM_COR_SPEC.pdf,Yes
P-810,https://cdn.currentlighting.com/site/specsheet/COL_CBT_A_LSCS_spec.pdf,Yes
P-811,https://cdn.currentlighting.com/site/specsheet/COL_CBT_LSCS_spec.pdf,Yes
P-812,https://cdn.currentlighting.com/site/specsheet/COL_CBT_spec.pdf,Yes
P-813,https://cdn.currentlighting.com/site/specsheet/COL_CCL-LSCS_Spec.pdf,Yes
P-814,https://cdn.currentlighting.com/site/specsheet/COL_CFP-LSCS_spec.pdf,Yes
P-815,https://cdn.currentlighting.com/site/specsheet/COL_CFP_spec.pdf,Yes
P-816,https://cdn.currentlighting.com/site/specsheet/COL_CLB_spec.pdf,Yes
P-817,https://cdn.currentlighting.com/site/specsheet/COL_CNW_spec.pdf,Yes
P-818,https://cdn.currentlighting.com/site/specsheet/COL_CRB_spec.pdf,Yes
P-819,https://cdn.currentlighting.com/site/specsheet/COL_CRN2_LSCS_spec.pdf,Yes
P-820,https://cdn.currentlighting.com/site/specsheet/505_LED_spec_sheet.pdf,Yes
P-821,https://cdn.currentlighting.com/site/specsheet/Alpha_LED_spec_sheet.pdf,Yes
P-822,https://cdn.currentlighting.com/site/specsheet/BEA_Ratio_RAR_1_2_Spec.pdf,Yes
P-823,https://cdn.currentlighting.com/site/specsheet/BEA_SRT1_Edgelit.pdf,Yes
P-824,https://cdn.currentlighting.com/site/specsheet/BEA_SRT2_Edgelit_spec.pdf,Yes
P-825,https://cdn.currentlighting.com/site/specsheet/LS_LTR-4RD-CR_spec.pdf,Yes
P-826,https://cdn.currentlighting.com/site/specsheet/BEA_VIPERSPEC.pdf,Yes
P-827,https://cdn.currentlighting.com/site/specsheet/BEA_VIPER_Area_Site_LumensChart.pdf,No
P-828,https://cdn.currentlighting.com/site/specsheet/BEA_VIPER_Flood.pdf,Yes
P-829,https://cdn.currentlighting.com/site/specsheet/BEA_VIPER_Flood_LumensChart.pdf,No
P-830,https://stahlin.com/wp-content/uploads/2021/07/Stahlin-PolyStar-Enclosures-in-Color-Brochure.pdf,No
P-831,https://stahlin.com/wp-content/uploads/2022/03/Stahlin_Pole-Mount-Kit-Expansion-opt.pdf,No
P-832,https://www.pennconduit.com/wp-content/uploads/2022/12/PENN-Rigid-Conduit-Brochure-10-22.pdf,No
P-833,https://www.pennconduit.com/wp-content/uploads/2023/04/PENN-Aluminum-EMT-Brochure-4-23.pdf,No
P-834,https://attabox.com/wp-content/uploads/2017/06/AH10106.pdf,No
P-835,https://attabox.com/wp-content/uploads/2017/06/AH10106C.pdf,No
P-836,https://attabox.com/wp-content/uploads/2017/06/AH10106C.pdf,No
P-837,https://attabox.com/wp-content/uploads/2017/06/AH1084C.pdf,No
P-838,https://attabox.com/wp-content/uploads/2017/06/AH1086.pdf,No
P-839,https://attabox.com/wp-content/uploads/2017/06/AH1086C.pdf,No
P-840,https://attabox.com/wp-content/uploads/2017/06/AH12106.pdf,No
P-841,https://attabox.com/wp-content/uploads/2017/06/AH12106C.pdf,No
P-842,https://attabox.com/wp-content/uploads/2017/06/AH14126.pdf,No
P-843,https://attabox.com/wp-content/uploads/2017/06/AH14126C.pdf,No
P-844,https://emeryallen.com/wp-content/uploads/2020/01/BA15S-2.0W-AMB.pdf,Yes
P-845,https://emeryallen.com/wp-content/uploads/2020/01/BA15s-4.0W-2020.pdf,Yes
P-846,https://emeryallen.com/wp-content/uploads/2020/01/E11-3.0W-AMB.pdf,Yes
P-847,https://emeryallen.com/wp-content/uploads/2020/01/E12-3.0W-002-AMB.pdf,Yes
P-848,https://emeryallen.com/wp-content/uploads/2020/01/E17-4.5W-2020.pdf,Yes
P-849,https://emeryallen.com/wp-content/uploads/2020/01/E17-5.0W-2020.pdf,Yes
P-850,https://emeryallen.com/wp-content/uploads/2020/01/E26-3.0W-AMB.pdf,Yes
P-851,https://emeryallen.com/wp-content/uploads/2020/01/E26-6.0W-AMB.pdf,Yes
P-852,https://emeryallen.com/wp-content/uploads/2020/01/G4-1.0W-2020.pdf,Yes
P-853,https://emeryallen.com/wp-content/uploads/2020/01/G4-1.0W-AMB.pdf,Yes
P-854,https://cdn.shopify.com/s/files/1/0658/1781/files/A15_Frosted_Bulb_Specs_11JUN2021.pdf?v=1641310841,Yes
P-855,https://cdn.shopify.com/s/files/1/0658/1781/files/A19_Clear_Bulb_Specs_14DEC2022.pdf?v=1671214767,Yes
P-856,https://cdn.shopify.com/s/files/1/0658/1781/files/A19_Frosted_Bulb_Specs_14DEC2022.pdf?v=1671219254,Yes
,,
,,
,,
,,
,,
,,
,,
,,
P-865,https://www.plcmultipoint.com/?wpdmdl=3003,No
P-866,https://www.plcmultipoint.com/?wpdmdl=3187,No
P-867,https://www.plcmultipoint.com/?wpdmdl=3209,No
P-868,https://www.plcmultipoint.com/?wpdmdl=3224,No
P-869,https://www.plcmultipoint.com/?wpdmdl=3268,No
P-870,https://www.plcmultipoint.com/?wpdmdl=3278,No
P-871,https://www.plcmultipoint.com/?wpdmdl=3284,No
P-872,https://www.plcmultipoint.com/?wpdmdl=3300,No
P-873,https://www.plcmultipoint.com/?wpdmdl=3312,No
P-874,https://www.onlinepower.com/pdf/LCR20_DS.pdf,No
P-875,https://www.onlinepower.com/pdf/cp18_DS.pdf,No
P-876,https://www.onlinepower.com/pdf/cp6_DS.pdf,No
P-877,https://www.onlinepower.com/pdf/fab_DS.pdf,No
P-878,https://www.onlinepower.com/pdf/heups_DS.pdf,No
P-879,https://www.onlinepower.com/pdf/hostpower_DS.pdf,No
P-880,https://www.onlinepower.com/pdf/isocare_DS.pdf,No
P-881,https://www.onlinepower.com/pdf/medpower_DS.pdf,No
P-882,https://www.onlinepower.com/pdf/micropowerwave_DS.pdf,No
P-883,https://www.onlinepower.com/pdf/minipowerwave_DS.pdf,No
P-884,https://www.flo.com/wp-content/uploads/2023/02/ADD_CoRe_150-A-Cascading-Kit-Installation-Guide_V2.0.0_2015-09-24_CA_US_BI.pdf,No
P-885,https://www.flo.com/wp-content/uploads/2023/02/ADD_CoRe_40-A-Cascading-Kit-Installation-Guide_V2.0.0_2015-09-24_CA_US_BI.pdf,No
P-886,https://www.flo.com/wp-content/uploads/2023/02/ADD_SmartTWO_Ordering-Guide_VX_2019-04-01_CA_EN.pdf,No
P-887,https://www.flo.com/wp-content/uploads/2023/02/FLO_CoRe-ALL_Anchor-Installation-Guide_V.1.0.0_2023-01-18_CA_US_EN-1.pdf,No
P-888,https://www.flo.com/wp-content/uploads/2023/02/FLO_CoRe-ALL_Anchor-Installation-Guide_V.1.0.0_2023-01-18_CA_US_EN.pdf,No
P-889,https://www.flo.com/wp-content/uploads/2023/02/FLO_CoRe-MAX_Cable-Replacement-Guide_V1.0.0_2022-09-23_CA_US_EN.pdf,No
P-890,https://www.flo.com/wp-content/uploads/2023/02/FLO_CoRe-MAX_CoRe_UserGuide_V3.0.1_2022-11-18_CA_US_EN-1.pdf,No
P-891,https://www.flo.com/wp-content/uploads/2023/02/FLO_CoRe-MAX_CoRe_UserGuide_V3.0.1_2022-11-18_CA_US_EN.pdf,No
P-892,https://www.flo.com/wp-content/uploads/2023/02/FLO_CoRe-MAX_Installation-Guide_V2.0.5_2023-02-07_US_EN.pdf,No
P-893,thttps://www.flo.com/wp-content/uploads/2023/02/FLO_CoRe-MAX_Ordering-Guide_V.1.0.1_2022-11-28-2022_US_EN.pdf,No
P-894,https://ezbarrier.com/wp-content/uploads/2020/06/Catalog-Brochure.pdf,No
P-895,https://ezbarrier.com/wp-content/uploads/2020/06/diagram-install-one-hour-fire-enclosure.pdf,No
P-896,http://www.electeconline.com/wp-content/uploads/ez-wiring_info_sheets/EZW_H_Distribution_Module.pdf,No
P-897,http://www.electeconline.com/wp-content/uploads/ez-wiring_info_sheets/EZW_H_Drop_Cable.pdf,No
P-898,http://www.electeconline.com/wp-content/uploads/ez-wiring_info_sheets/EZW_H_Extender_Cable.pdf,No
P-899,http://www.electeconline.com/wp-content/uploads/ez-wiring_info_sheets/EZW_H_Fixture_Tap.pdf,No
P-900,http://www.electeconline.com/wp-content/uploads/ez-wiring_info_sheets/EZW_H_Fixture_Whip.pdf,No
P-901,http://www.electeconline.com/wp-content/uploads/ez-wiring_info_sheets/EZW_H_Multi-Tap.pdf,No
P-902,http://www.electeconline.com/wp-content/uploads/ez-wiring_info_sheets/EZW_H_Multi-circuit_PDU.pdf,No
P-903,http://www.electeconline.com/wp-content/uploads/ez-wiring_info_sheets/EZW_H_Plug.pdf,No
P-904,http://www.electeconline.com/wp-content/uploads/ez-wiring_info_sheets/EZW_H_Prewired_Plug-in_Assemblies.pdf,No
P-905,http://www.electeconline.com/wp-content/uploads/ez-wiring_info_sheets/EZW_H_Prewired_Plug-in_Assemblies.pdf,No
P-906,https://www.suntouch.com/dfsmedia/0533dbba17714b1ab581ab07a4cbb521/158691-source/es-st-promeltsmartcontroller,No
P-907,https://www.suntouch.com/dfsmedia/0533dbba17714b1ab581ab07a4cbb521/170148-source/es-st-promeltsmartcontroller-fr-ca,No
P-908,https://www.suntouch.com/dfsmedia/0533dbba17714b1ab581ab07a4cbb521/170171-source/es-st-promeltsmartcontroller-es-mx,No
P-909,https://www.suntouch.com/dfsmedia/0533dbba17714b1ab581ab07a4cbb521/181415-source/es-st-connectplus-thermostat,No
P-910,https://www.suntouch.com/dfsmedia/0533dbba17714b1ab581ab07a4cbb521/183001-source/es-st-r4relay,No
P-911,https://www.suntouch.com/dfsmedia/0533dbba17714b1ab581ab07a4cbb521/183408-source/es-st-r4relay-2124-fr,No
P-912,https://www.suntouch.com/dfsmedia/0533dbba17714b1ab581ab07a4cbb521/183409-source/es-st-r4relay-2124-es,No
P-913,https://www.suntouch.com/dfsmedia/0533dbba17714b1ab581ab07a4cbb521/253964-source/es-st-connectplus-thermostat-2122-fr-ca,No
P-914,https://www.suntouch.com/dfsmedia/0533dbba17714b1ab581ab07a4cbb521/253966-source/es-st-connectplus-thermostat-2122-es-mx,No
P-915,https://www.suntouch.com/dfsmedia/0533dbba17714b1ab581ab07a4cbb521/48903-source/es-st-command,No
P-916,http://files.siemon.com/int-download-product-specsheets/siemon-category-6a-u-ftp-4-pair-cable-class-b2ca-emea_spec-sheet.pdf,No
P-917,http://files.siemon.com/int-download-product-specsheets/siemon-xglo-indoor-outdoor-tight-buffer-australia_spec-sheet.pdf,No
P-918,http://s3.amazonaws.com/files.siemon.com/int-download-product-specsheets/siemon-lockit-patch-cords-es_spec-sheet.pdf,No
P-919,https://s3.amazonaws.com/files.siemon.com/int-download-brochures/brc_lightbow-es.pdf,No
P-920,https://s3.amazonaws.com/files.siemon.com/int-download-product-specsheets/sfp-plus-copper-cable-assemblies_spec-sheet-CHN.pdf,No
P-921,https://s3.amazonaws.com/files.siemon.com/int-download-product-specsheets/sfp-plus-copper-cable-assemblies_spec-sheet.pdf,No
P-922,https://s3.amazonaws.com/files.siemon.com/int-download-product-specsheets/siemon-24-port-max-zone-unit-enclosure_spec-sheet.pdf,No
P-923,https://s3.amazonaws.com/files.siemon.com/int-download-product-specsheets/siemon-4-post-rack_spec-sheet.pdf,No
P-924,https://s3.amazonaws.com/files.siemon.com/int-download-product-specsheets/siemon-40-100g-equipment-conversion-cords-for-100g_spec-sheet.pdf,No
P-925,https://s3.amazonaws.com/files.siemon.com/int-download-product-specsheets/siemon-40-100g-equipment-conversion-cords-for-40g_spec-sheet.pdf,No
,,
P-927,https://matthewsfanco.com/wp-content/uploads/2022/04/Eliza-H.pdf,No
,,
P-929,https://matthewsfanco.com/wp-content/uploads/AR-RUTHIANE/AR-Support-Materials/Ar-Ruthiane.pdf,No
P-930,https://matthewsfanco.com/wp-content/uploads/BIANCA-DIRECIONAL/BD-Support-Materials/Bianca-Direcional.pdf,No
P-931,https://matthewsfanco.com/wp-content/uploads/BRISA/B2K-Support-Materials/Brisa.pdf,No
P-932,https://matthewsfanco.com/wp-content/uploads/BRUNA-PAREDE/BP-Support-Materials/Bruna-Parede.pdf,No
,,
,,
,,
P-936,https://www.enlightedinc.com/wp-content/uploads/2022/09/2W_SU5E_SS_93-02973-01_Rev15.pdf,No
P-937,https://www.enlightedinc.com/wp-content/uploads/2022/09/BTC10_SS_93-03506-01_Rev01.pdf,No
P-938,https://www.enlightedinc.com/wp-content/uploads/2022/09/BTT_European_Switch_Data_Sheet_Rev02-2.pdf,No
P-939,https://www.enlightedinc.com/wp-content/uploads/2022/09/BTT_Switch_Data_Sheet_Rev02.pdf,No
P-940,https://www.enlightedinc.com/wp-content/uploads/2022/09/PT_SS_93-02266-01_Rev07-copy-1.pdf,No
P-941,https://www.enlightedinc.com/wp-content/uploads/2022/09/SU5E_LR_SS_93-03343-01_Rev04.pdf,No
P-942,https://www.enlightedinc.com/wp-content/uploads/2023/02/Button_SS_93-03492-01_Rev01-1.pdf,No
P-943,https://www.enlightedinc.com/wp-content/uploads/2023/02/WBAND_SS_93-03491-01_Rev01.pdf,No
P-944,https://www.enlightedinc.com/wp-content/uploads/2023/03/2W_RSU5S_SS_93-02977_01_Rev13.pdf,No
P-945,https://www.enlightedinc.com/wp-content/uploads/2023/03/2W_SSU5S_SS_93-02975_01_Rev11.pdf,No
P-946,https://centerprises.com/wp-content/uploads/2016/12/Assy.LC-LC.06F.OM3_.OFNP_.InOut_.900.R.PE_.pdf,No
P-947,https://centerprises.com/wp-content/uploads/2016/12/Assy.LC-LC.12F.OM3_.OFNP_.Armor_.900.R.PE_.PFR_.pdf,No
P-948,https://centerprises.com/wp-content/uploads/2016/12/Assy.LC-LC.12F.OM3_.OFNP_.InOut_.900.R.PE_.PFR_.pdf,No
P-949,https://centerprises.com/wp-content/uploads/2016/12/Assy.LC-LC.12F.SM_.OFNP_.InOut_.900-1.pdf,No
P-950,https://centerprises.com/wp-content/uploads/2016/12/Assy.LC-LC.24F.OM3_.OFNP_.Armor_.900.R.PE_.pdf,No
P-951,https://centerprises.com/wp-content/uploads/2016/12/Assy.LC-LC.Unibt_.2F.SM_.OFNP_.InOut_.PFR_-1.pdf,No
P-952,https://centerprises.com/wp-content/uploads/2016/12/Assy.LC-LC.Unibt_.2F.SM_.OFNP_.InOut_.PFR_.pdf,No
P-953,https://centerprises.com/wp-content/uploads/2016/12/Assy.LC-XX.12F.SM_.OFNR_.Indoor.900.ULT_.pdf,No
P-954,https://centerprises.com/wp-content/uploads/2016/12/Assy.LC-XX.24F.SM_.OFNR_.Indoor.CBK_.SPR_.pdf,No
P-955,https://centerprises.com/wp-content/uploads/2016/12/Assy.LC-XX.24F.SM_.OFNR_.Indoor.CBK_.ULT_.pdf,No
P-956,https://damapi.marshbellofram.com/uploads/175_MD_Spec_Sheet_a796cc397d.pdf,No
P-957,https://damapi.marshbellofram.com/uploads/175_MU_175_MD_Comparison_8c2b161aff.pdf,No
P-958,https://damapi.marshbellofram.com/uploads/175_MU_Spec_Sheet_a3787c197d.pdf,No
P-959,https://damapi.marshbellofram.com/uploads/175_SO_Spec_Sheet_6a7e0e4ba5.pdf,No
P-960,https://damapi.marshbellofram.com/uploads/304_GX_Spec_Sheet_e40acd87fc.pdf,No
P-961,https://damapi.marshbellofram.com/uploads/304_G_Spec_Sheet_7127e9556a.pdf,No
P-962,https://damapi.marshbellofram.com/uploads/304_Spec_Sheet_022c1b22e5.pdf,No
P-963,https://damapi.marshbellofram.com/uploads/305_E_Spec_Sheet_feb8719235.pdf,No
P-964,https://damapi.marshbellofram.com/uploads/313_B_Spec_Sheet_0618f2e984.pdf,No
P-965,https://damapi.marshbellofram.com/uploads/314_B_Spec_Sheet_fd91dd8a1a.pdf,No
P-966,https://www.adalet.com/Content/uploads/ATEXAuxiliaryDevicesSellSheet.pdf,No
P-967,https://www.adalet.com/Content/uploads/AdaletIncreasedSafetyBrochure.pdf,No
P-968,https://www.adalet.com/Content/uploads/BREATHER-DRAINS-1450.pdf,No
P-969,https://www.adalet.com/Content/uploads/CNSeriesCatalogPages.pdf,No
P-970,https://www.adalet.com/Content/uploads/CSC4X6Brochure.pdf,No
P-971,https://www.adalet.com/Content/uploads/CSCSeriesAdaletIncreasedSafetyBrochure.pdf,No
P-972,https://www.adalet.com/Content/uploads/CSCSeriesCatalogPages.pdf,No
P-973,https://www.adalet.com/Content/uploads/CombinationMotorStartersCatalogPages.pdf,No
P-974,https://www.adalet.com/Content/uploads/ControlStationCatalogPages.pdf,No
P-975,https://www.adalet.com/Content/uploads/EHPB-PUSHBUTTONS-2791.pdf,No
P-976,https://www.activepower.com/en-GB/documents/6381/cleansource-r-plus-mms-ul-60hz-250-1000-kw-400-415v.pdf,No
P-977,https://www.activepower.com/en-GB/documents/6448/cleansource-r-xt-sms-ups-ce-50hz-225-kw-380-400-415v.pdf,No
P-978,https://www.activepower.com/en-GB/documents/6608/piller-cpm-300-brochure.pdf,No
P-979,https://www.activepower.com/en-GB/documents/6773/cleansource-r-hd625-ups-ce-50hz-625-kw-380-400-415v.pdf,No
P-980,https://www.activepower.com/en-GB/documents/6789/cleansource-r-hd675-ups-ul-60hz-675-kw-480v.pdf,No
P-981,https://www.activepower.com/en-GB/documents/6873/cleansource-r-plus-mms-ce-50hz-300-2400-kw-380-400-415v.pdf,No
P-982,https://www.activepower.com/en-GB/documents/6874/cleansource-r-plus-sms-ce-50hz-300-kw-380-400-415v.pdf,No
P-983,https://www.activepower.com/en-GB/documents/6878/powerhouse-brochure-ce.pdf,No
P-984,https://www.activepower.com/en-GB/documents/8412/cleansource-xt-sms-250-ul-60hz-480v.pdf,No
P-985,https://www.activepower.com/en-US/documents/6383/cleansource-r-plus-sms-ul-60hz-250-kw-400-415v.pdf,No
P-986,https://zohms.com/images/brochure2018_web.pdf,No
P-987,https://zohms.com/images/manual/DE/2K-2_Renegade-de.pdf,No
P-988,https://zohms.com/images/manual/DE/2k4_Renegade_de.pdf,No
P-989,https://zohms.com/images/manual/DE/4K-2_Disruptor-de.pdf,No
P-990,https://zohms.com/images/manual/DE/4k4_Disruptor_de.pdf,No
P-991,https://zohms.com/images/manual/EN/2k4_Renegade.pdf,No
P-992,https://zohms.com/images/manual/EN/4k4_Disruptor.pdf,No
P-993,https://zohms.com/images/manual/EN/manual_2k2.pdf,No
P-994,https://zohms.com/images/manual/EN/manual_4k2.pdf,No
P-995,https://zohms.com/images/manual/ES/2k4_Renegade-es.pdf,No
P-996,https://www.waterfallaudio.com/wp-content/uploads/2017/08/Data_Sheet_Waterfall_Elora_Evo_Center.pdf,No
P-997,https://www.waterfallaudio.com/wp-content/uploads/2017/08/Data_Sheet_Waterfall_Elora_Evo_LR.pdf,No
P-998,https://www.waterfallaudio.com/wp-content/uploads/2017/08/Data_Sheet_Waterfall_Hurricane_Evo.pdf,No
P-999,https://www.waterfallaudio.com/wp-content/uploads/2017/08/Data_Sheet_Waterfall_Hurricane_Evo_In_Wall_Classic.pdf,No
P-1000,https://www.waterfallaudio.com/wp-content/uploads/2017/08/Data_Sheet_Waterfall_Hurricane_Evo_In_Wall_Glass.pdf,No
P-1001,https://www.waterfallaudio.com/wp-content/uploads/2017/08/Data_Sheet_Waterfall_Iguascu_Evo.pdf,No
P-1002,https://www.waterfallaudio.com/wp-content/uploads/2017/08/Data_Sheet_Waterfall_LCR300.pdf,No
P-1003,https://www.waterfallaudio.com/wp-content/uploads/2017/08/Data_Sheet_Waterfall_LCR500.pdf,No
P-1004,https://www.waterfallaudio.com/wp-content/uploads/2017/08/Data_Sheet_Waterfall_Niagara.pdf,No
P-1005,https://www.waterfallaudio.com/wp-content/uploads/2017/08/Data_Sheet_Waterfall_SAT150.pdf,No
P-1006,https://www.verdant.co/wp-content/uploads/2017/08/CC-WPC-SpecSheet.pdf,No
P-1007,https://www.verdant.co/wp-content/uploads/2017/08/X3-NC-OS-SpecSheet.pdf,No
P-1008,https://www.verdant.co/wp-content/uploads/2017/11/VX-WPT-W-SpecSheet.pdf,No
P-1009,https://www.verdant.co/wp-content/uploads/2018/10/1810-FCA-47-120V-SpecSheet.pdf,No
P-1010,https://www.verdant.co/wp-content/uploads/2018/10/1810-FCA-47-240V277V-SpecSheet.pdf,No
P-1011,https://www.verdant.co/wp-content/uploads/2019/05/AC-CC.pdf,No
P-1012,https://www.verdant.co/wp-content/uploads/2019/08/ZX-WPT-Spec-sheet.pdf,No
